True,74dea3755741a11d3011c28951d35935,5c7cab22ff81a29c13c0eb8946810a16
True,66d599cf7289409dbd38839690328ec2,5c7cab22ff81a29c13c0eb8946810a16
False,d93308fe374b7d46ede1d6aa074ddfc6,5c7cab22ff81a29c13c0eb8946810a16
False,d58072f40b083478ff95e4de72a533f7,5c7cab22ff81a29c13c0eb8946810a16
False,ea27ad37c77d63157f61d5353c3583df,5c7cab22ff81a29c13c0eb8946810a16
False,7b4caf5340cc5498c26152a4d1ae5392,5c7cab22ff81a29c13c0eb8946810a16
False,a3e4981260c8b7941940a20155fe7bab,5c7cab22ff81a29c13c0eb8946810a16
False,aa96a33ad0eeb73e69f3fad3716e4ed4,5c7cab22ff81a29c13c0eb8946810a16
False,e55282bf31a4aaa700dbc36278e2b949,5c7cab22ff81a29c13c0eb8946810a16
False,dd8d176a51c75a0eb3410194fe90d4e2,5c7cab22ff81a29c13c0eb8946810a16
False,fac48e441eb1f4b956c0cfbd78cef825,4b9d5032f453c3d3b3a0035f41aaab8d
False,7f50f19125b7b53ad2968122f3d535ed,4b9d5032f453c3d3b3a0035f41aaab8d
False,c1b01c6d7aa82bbf9c843c3e499e575b,88acb35713a9335f3c1da8211371f24d
False,4ff826481049fa57beb10c2cd4a0698b,8a78e5ca4f686b97046205d148eb9a9c
False,650b58471d59791a175c29f5d8f5d6d8,c3fe623e989a10c7ea8bc416b197b1a1
False,dbbad4f0e6c40759de921ee344a78e06,a110c658ff5707b610617b51a902a2d7
False,65cb508a4423913c4660fdac030a0a1f,a110c658ff5707b610617b51a902a2d7
False,083a0f0d89fdb63244c3cd13c8f6b744,b8bec2197b3b94a3b5a49a682c06b8a6
False,dcc2b8e7287575e74adfe817d1cbb9cc,c3fe623e989a10c7ea8bc416b197b1a1
False,33466411bc069ef2af094d4785fd2a03,86ab0afbc4ebc094e2b8a4c4ed3b0b8f
False,e7d5c156c4e748d22bba2d3fee5a6774,9dd10684df9ebc946f05da7b5c97de03
False,64dca2da6eec40e4151e562e8f86f0da,a110c658ff5707b610617b51a902a2d7
False,723ce2b40acc5d4e194436cdd96d0f0a,f72617264c26335a59f81e66138911f6
False,bd08339b2def513454d4e5d2c95e5834,a110c658ff5707b610617b51a902a2d7
False,3de533888ebb795d03ddcc6f235afe35,896890bfb700eac98300d639ca970f2b
False,d46d7db5fd68338f303522272c9a0c75,f518e6e532ce4a2840da1ffbc2500b65
False,63e9771e6054bf72ba9eb3f933ba084d,a058753fe4669bc60b5ab4c1126a305f
False,3fbe9d57e2b185fc16e4ed084355a025,cf5a198d53c508425bfb07bce6731461
False,267d67cfe769e7fcc75d0337c2af170f,63b28bb2be0bf40085646decce81ae9f
False,680be5edafd834ac068eb52863853414,7f342515316da281fa63ccdc0d5868b6
False,c76b80c76236b6d0b8f7ae7a5a6b89f6,5c7cab22ff81a29c13c0eb8946810a16
False,34c85dfd114633da865a12675966f35d,aac2ba890bd0029955157c66455eb708
False,b890f57e8ae4e8731edd55f7b38af078,5d3de4b59ab914ff033c1cd1ba489663
False,6eaf2c3564df934af8ba62e7dcd8b979,5d3de4b59ab914ff033c1cd1ba489663
False,2ef053832fc2b72ed635ca4c2b957e09,93ea6597c3cbd06e93a46b9f5368732d
False,4c39448f238b059e641e4dae92266aef,ad173d59265cf2cbe796b2af2554da3f
False,ced6d7b19733d9c21dfac7c06976410d,47e2a2e8c0a0bf126a578a787bcf7508
False,6a6a554e2f4e4d5dd58104c314713819,7f342515316da281fa63ccdc0d5868b6
False,f9886b8da15c6bbfb57b551370cb9f21,5c7cab22ff81a29c13c0eb8946810a16
False,4038e1387eb385e3baee7346e74a085c,5c7cab22ff81a29c13c0eb8946810a16
False,aed5269434b4b8b0d27c72d532ccbc33,5c7cab22ff81a29c13c0eb8946810a16
False,09832bdf84249f6586328240e1f45ac7,c7c3129944c729dc2d97372b90216e90
False,8bbb4c712eb83864cb04f55800f79046,ba8a53477d867c59759508d85c844050
False,3460d42e8f70d8f0570ed11ea6c747a8,ba8a53477d867c59759508d85c844050
False,a56781a1ef96e1a6f9d043bcff0f3d8c,d58b9d05bbbb0e7ee0afb90ba9f731c9
False,5d1089214c4cc5273abf18091320f5e3,63b28bb2be0bf40085646decce81ae9f
False,7d7be82fd0262c936a5167eee392aca7,f72617264c26335a59f81e66138911f6
False,4d119dd1d62124f1f3e0df120f148939,3cc312b820c85f70fc78c502a74cee2d
False,2029daf7ed0c837bb650c7df805f7380,3cc312b820c85f70fc78c502a74cee2d
False,994d8ec3c9fafac7bb13f7f266f25e6e,3cc312b820c85f70fc78c502a74cee2d
False,b61fa14e059210e53189a3d558e80691,3cc312b820c85f70fc78c502a74cee2d
False,19eee3725996835d9e11f39dcc5914cc,a11eb1b094c273d4c3152cc030e24456
False,513398bee1c26a7861aacb0cde8f4cab,7f342515316da281fa63ccdc0d5868b6
False,9139e30012b67b8f1e5c4c90eb82c03d,5c7cab22ff81a29c13c0eb8946810a16
False,17b807c9a137975730e97240c9649e7e,c94f6f0b9f9d8b34612c4ad729c48abd
False,34b0844d9b2b1fbfae1279a338091228,00ebb3d5027a75709518dee02d665c4a
False,23101dcac82e68529dbadf726347a25a,2eeab23e25219124ec1ede1f486b0a47
False,c8512f30e1caacd39a517cf5447cebbe,3cc312b820c85f70fc78c502a74cee2d
False,a71b60055b8022b530d0b7e0428b7488,63b28bb2be0bf40085646decce81ae9f
False,390d07e60c13a2158c4e15e9e20fba15,7f342515316da281fa63ccdc0d5868b6
False,6185b63d96a0ba5713a228db604fe203,47e2a2e8c0a0bf126a578a787bcf7508
False,cff0be4bcb7e83643156a59d8c45dd53,4ba14e94a48174a273c9226923c2a0f3
False,f10f094950aa6afb72867d76de3dfc26,4920322fb53f1ef55d0345422849b030
False,fcbd440dfa32dd530f3fa71547a561a0,b3d7cf2ae17e596a9a438436a764c901
False,890f4d923e95575962ed16b552162450,63b28bb2be0bf40085646decce81ae9f
False,0dedcc04b52a85fb17f71935e0fa7f3b,63b28bb2be0bf40085646decce81ae9f
False,2122124cf1f37d0657d614a855a955d9,537ce9a91469ebfeb9b976c314ec5079
False,7cb1a7145ffe6a36347e0aeaedc2afaf,537ce9a91469ebfeb9b976c314ec5079
False,3db3464bae8d5bb569d64c21f7c07749,537ce9a91469ebfeb9b976c314ec5079
False,5db437ac5794362223bd634739846182,ca3a158919ed3c85a675dc3d6efabedc
False,50ec9fd7c6a511793ea2c94472cbd54f,9fc15b7bc57a11774146f41212037ce7
False,2eb92d290f9b078d440c9356d634587e,689014b1ec7aab95a4db833f550c7edf
False,f14d20d164563b1954758fcef18f4005,ba8a53477d867c59759508d85c844050
False,ad29d9a517a4aa87c22ffd7749d5817a,b3d7cf2ae17e596a9a438436a764c901
False,b5fc5a583271b547215842f4db46dfc6,b3d7cf2ae17e596a9a438436a764c901
False,e4e264d92e595a969cb76f36eef438fb,63b28bb2be0bf40085646decce81ae9f
False,6fe340359a687eb5ffe369ea06f65d76,4ba14e94a48174a273c9226923c2a0f3
False,dfbc9011ac63570657c96a783e246c4a,d86d6f4bc8b575adee31ba9ed996321d
False,968456fc82bddc4fe6f754e8de1925a3,d86d6f4bc8b575adee31ba9ed996321d
False,95d0db5e9a6e01066752011a5a93fd05,b3d7cf2ae17e596a9a438436a764c901
False,35ac9ea0955bdeccdcf75b1bcba60def,b3d7cf2ae17e596a9a438436a764c901
False,4c7ef932134950ff2a277f614fdb9357,b3d7cf2ae17e596a9a438436a764c901
False,0941417a636e4fe9e5fe62bfceec01db,c05de0fb1c5fdfdd39bc2f2951236912
False,dc20d8f615049c12b9aa98130538e7d8,f82c6c831f70c7f1185a9a6ea90f5dbf
False,b1adf7aa39d2aa49f6c4f8eab94af9ad,ad173d59265cf2cbe796b2af2554da3f
False,852a1df6c432f798a3505cc7d90d48f7,a79b61c24592cf17b1f9b31fe8836e1c
False,0b207dda74e7ed531f5a03e3dc6666be,aac2ba890bd0029955157c66455eb708
False,b9a40c807d823bf18ec5dac6cbd3e7f0,63b28bb2be0bf40085646decce81ae9f
False,04ea9f3419a1f1e4026a9c4c2414092b,63b28bb2be0bf40085646decce81ae9f
False,b72fb4c32e02ec7fd680fbfdb8c4cb8c,b7919fc9aaad5fefd42735f912403c9c
False,a64410d42071c9d34bea04c467c299c9,b7919fc9aaad5fefd42735f912403c9c
False,f7704eb49c668134dc272836b5853742,b7919fc9aaad5fefd42735f912403c9c
False,ccfd091d95942b4726d7ae8bf234bb76,b7919fc9aaad5fefd42735f912403c9c
False,c32e0b3909d52d981c88a31217245c6b,b7919fc9aaad5fefd42735f912403c9c
False,c7e7dc9b63c47dff1435eafce068538f,47e2a2e8c0a0bf126a578a787bcf7508
False,2c2e1a9e9ccb0361ce549f909d9f8632,47e2a2e8c0a0bf126a578a787bcf7508
False,32b79526d47e673377b743ce19e48a2f,a79b61c24592cf17b1f9b31fe8836e1c
False,baa6783d20800db80f07f36b1f18426a,63b28bb2be0bf40085646decce81ae9f
False,1de481472d3e868e1e442fc5976f619e,63b28bb2be0bf40085646decce81ae9f
False,8a9774093c6e6116c8021ccd558d100f,63b28bb2be0bf40085646decce81ae9f
False,d447afd54504601ea5e1e5e412d0aec9,63b28bb2be0bf40085646decce81ae9f
False,ef4d0a4c17b800813cc8be23de57dcf9,63b28bb2be0bf40085646decce81ae9f
False,be741083aa381a681893fa56612492b7,63b28bb2be0bf40085646decce81ae9f
False,5a69c443e97cc84e2ddca7c88c6214aa,63b28bb2be0bf40085646decce81ae9f
False,72dae7c13df1fac0c675a214510e659f,63b28bb2be0bf40085646decce81ae9f
False,595b457a448a7bd2e709304cb4c38690,63b28bb2be0bf40085646decce81ae9f
False,a0826948776320535287544a3f3eaab1,63b28bb2be0bf40085646decce81ae9f
False,97012d061965c59992966986ee570a35,63b28bb2be0bf40085646decce81ae9f
False,e79ba0789e140ff405b1f5f309eff986,63b28bb2be0bf40085646decce81ae9f
False,6366f520047bf2491fc2674fc889276e,5d3de4b59ab914ff033c1cd1ba489663
False,31ee25b8cda2c17135569cc5c87fc000,5d3de4b59ab914ff033c1cd1ba489663
False,8deb1551de5b1107c2825c16ab992fde,8d0e3879c8e41fbd0f1941880527eea2
False,415b0ed3f14ea33c29b9e108cb42cd08,537ce9a91469ebfeb9b976c314ec5079
False,fc575f725d26c0a257ee9a9ce0b2a7c2,ba8a53477d867c59759508d85c844050
False,5c4b9a8a542e9a659a2983789cc92f3b,63b28bb2be0bf40085646decce81ae9f
False,dc69a80d23f7631e49c6ff10344f6f53,63b28bb2be0bf40085646decce81ae9f
False,6183b63eba2c61dbf098b3f49749b79b,63b28bb2be0bf40085646decce81ae9f
False,96edff974bcd6e2c738f3dcf0fe9772e,63b28bb2be0bf40085646decce81ae9f
False,e7e11272435ec90a99de7fe1605fcfdf,63b28bb2be0bf40085646decce81ae9f
False,49bc0c477f574122438c3f12b9347688,5c7cab22ff81a29c13c0eb8946810a16
False,58e007129eb6b589a104973ead0b6cca,5c7cab22ff81a29c13c0eb8946810a16
False,ec4f7c2bed795f692aad6c43ed08165c,50e34df9ad1cc7685ea5851a03843374
False,46ec97b204348895eae2adaf47abb394,d58b9d05bbbb0e7ee0afb90ba9f731c9
False,c501e21287c6b5d72e5a101245e64521,63b28bb2be0bf40085646decce81ae9f
False,09eb04d1d64c88933e4eede0d8a1b090,63b28bb2be0bf40085646decce81ae9f
False,9dea33b494a9895f8b3239be8da1a209,63b28bb2be0bf40085646decce81ae9f
False,abe4c2df0b0de9a097c5415ef003fbae,63b28bb2be0bf40085646decce81ae9f
False,75b9d87e18fa46f7f750331fd7386ea5,63b28bb2be0bf40085646decce81ae9f
False,cbf4d215d440e9455b5cd48b13bb0abe,63b28bb2be0bf40085646decce81ae9f
False,fc09ce1aaf8fd19e0b9e0cb9fca34359,63b28bb2be0bf40085646decce81ae9f
False,3be5e5fd133ff39dda478b087ca3ca3a,63b28bb2be0bf40085646decce81ae9f
False,615cd1d9fb4066d8e839fe5f613cd03a,63b28bb2be0bf40085646decce81ae9f
False,fe2c52db88dfd4587762f06a6658ad75,3cc312b820c85f70fc78c502a74cee2d
False,251a8c9a1a8238d1144aee4c4789dfec,3cc312b820c85f70fc78c502a74cee2d
False,7a4f742fc446fb49acd68ef86a1a97ee,3cc312b820c85f70fc78c502a74cee2d
False,12fd6873ffc6d24edb15695bfc86180a,3cc312b820c85f70fc78c502a74cee2d
False,439dbb1100362ce11954a6179a8ae83f,b3d7cf2ae17e596a9a438436a764c901
False,47f2eaf36cfa30e7f366b33a65960629,b3d7cf2ae17e596a9a438436a764c901
False,37ba0528ac4ecae24655d46438e22004,3cc312b820c85f70fc78c502a74cee2d
False,4fe288578d01c9cdf0d915177d62dac0,47e2a2e8c0a0bf126a578a787bcf7508
False,e96302a85672f4f70ad4011db9138128,a79b61c24592cf17b1f9b31fe8836e1c
False,71e446f3e8ac29f69f238e6d1f16c0b7,a79b61c24592cf17b1f9b31fe8836e1c
False,0b2ce2cce82acadf51814aaf2dc3fe83,63b28bb2be0bf40085646decce81ae9f
False,a6448248ad1ea2840b4bd7e7774edc08,63b28bb2be0bf40085646decce81ae9f
False,86195a64a63ffe5d495b1348dd09c560,63b28bb2be0bf40085646decce81ae9f
False,00edf63d78afa8710d4511577c889338,63b28bb2be0bf40085646decce81ae9f
False,e1bbc03c643811f4b40bf2085c4d5581,63b28bb2be0bf40085646decce81ae9f
False,a4bf87e512da15813d18ac7d6bd7f814,63b28bb2be0bf40085646decce81ae9f
False,111a523cca4be178940afb2a847982ea,63b28bb2be0bf40085646decce81ae9f
False,ed703f5452b240de96b26fd4fc6392eb,b3d7cf2ae17e596a9a438436a764c901
False,d7400854ad2707ad5009b7d68c263a03,3cc312b820c85f70fc78c502a74cee2d
False,ba9a94393c2f27631652ecfb542319c1,b3d7cf2ae17e596a9a438436a764c901
False,f840b0532ac366860239fad63edee106,7f342515316da281fa63ccdc0d5868b6
False,53ab28671aad4f9aac2afbe70994e756,7f342515316da281fa63ccdc0d5868b6
False,6afea09145b0fdf828504c3dd80b1e61,7f342515316da281fa63ccdc0d5868b6
False,3e07bae192ccf54b2161668db17ae2b8,7f342515316da281fa63ccdc0d5868b6
False,4f4c09a36ac5a6fe39559a115f3bac37,7f342515316da281fa63ccdc0d5868b6
False,a88690fad680dc48c1433a0a4322b927,ba8a53477d867c59759508d85c844050
False,7f21a67575da073eea2d84fcaa1f14e2,7f342515316da281fa63ccdc0d5868b6
False,ab9a35c614cb24f831727192512d0316,63b28bb2be0bf40085646decce81ae9f
False,06490bbbdce7b74734402c25d90e0386,7f342515316da281fa63ccdc0d5868b6
False,d62544008398eb805fac0c67c0f3d5d6,63b28bb2be0bf40085646decce81ae9f
False,cbae2e43f1c3c81c1fd55b1869e87ace,63b28bb2be0bf40085646decce81ae9f
False,b9adb20c54c6174cff7b1b4e1c236d34,63b28bb2be0bf40085646decce81ae9f
False,8db77a83172305801a27148da2d60093,63b28bb2be0bf40085646decce81ae9f
False,64b6836e1a312979faa06f991bc16d81,f07944507c57215f8818de33a6ac6f3f
False,ed9f0746c05d88fed30e6649e78b63cb,63b28bb2be0bf40085646decce81ae9f
False,838d99e225269f15940592ffd198bf7a,f07944507c57215f8818de33a6ac6f3f
False,877ef7aa5feba792f65bc4fc2ae53076,f07944507c57215f8818de33a6ac6f3f
False,0fc4e4d3663c8064f2b519eb0d88baa1,f07944507c57215f8818de33a6ac6f3f
False,f0970aca08a759bcfce44ce2e0e17741,63b28bb2be0bf40085646decce81ae9f
False,27b0e78bd487fcff6959f3a923aab288,63b28bb2be0bf40085646decce81ae9f
False,8674f9ff00cca7f805ae9349beaa5190,63b28bb2be0bf40085646decce81ae9f
False,5e7a8d76bd790834cc99608bf4c4bcd2,63b28bb2be0bf40085646decce81ae9f
False,9eacab42d6537334cccfa7c96ab20dc9,a4ba549eb1d0ce48b2434ccce3ab8ae4
False,d583ccd1ceb06a353ab7bcb9e6d74f04,a4ba549eb1d0ce48b2434ccce3ab8ae4
False,61ada043df97f2a79788117adf49b0d1,a4ba549eb1d0ce48b2434ccce3ab8ae4
False,04c4c5860ab6209012547501ba24f841,a4ba549eb1d0ce48b2434ccce3ab8ae4
False,536c1373fa3af939940b6c266b79f8ee,a11eb1b094c273d4c3152cc030e24456
False,f9dc24e2c881a1a4c3877d0ed56a9096,a11eb1b094c273d4c3152cc030e24456
False,8b1e7fec27df98671ea495173a322a27,63b28bb2be0bf40085646decce81ae9f
False,b03de95ef6e1291283444ed7c76505f0,63b28bb2be0bf40085646decce81ae9f
False,4780739e07b7ee8d41c5d069ceb12246,86ab0afbc4ebc094e2b8a4c4ed3b0b8f
False,687e2ad9d0f47df4f6c7d701aacd923d,86ab0afbc4ebc094e2b8a4c4ed3b0b8f
False,a7fbe1ec279641f2ed2d7848102302f0,86ab0afbc4ebc094e2b8a4c4ed3b0b8f
False,7ab2be414c780c97fe80f609100d072c,86ab0afbc4ebc094e2b8a4c4ed3b0b8f
False,b1357593adb9aa195a0450b904513bee,86ab0afbc4ebc094e2b8a4c4ed3b0b8f
False,9775d76f4958563cc6d0bceef13a7fa0,86ab0afbc4ebc094e2b8a4c4ed3b0b8f
False,1c075d77ee6ca55353b4859e13028754,86ab0afbc4ebc094e2b8a4c4ed3b0b8f
False,3dbddc96ac411e88219611a6845a3825,459568305d80253edf88c1bc4862a75c
False,cc5d2aa1e0e76454f6658635601ea44a,86ab0afbc4ebc094e2b8a4c4ed3b0b8f
False,b07e5d5a25f3ebb80786574b3aba3c02,459568305d80253edf88c1bc4862a75c
False,c67502eab99f405162907eb4a5d87760,459568305d80253edf88c1bc4862a75c
False,cfd317dac7c79b76e30574580437a50b,86ab0afbc4ebc094e2b8a4c4ed3b0b8f
False,007ee1cb78979aba6216ed61c18eec31,86ab0afbc4ebc094e2b8a4c4ed3b0b8f
False,521fc91552e21adf03998ec932c06f3c,86ab0afbc4ebc094e2b8a4c4ed3b0b8f
False,440b47768875fdfc97bde635328f2c4f,459568305d80253edf88c1bc4862a75c
False,320ef36e7f6bad67576fcd0c21811a9d,459568305d80253edf88c1bc4862a75c
False,2af0e08def104f18a5147d8d6856c62d,459568305d80253edf88c1bc4862a75c
False,c6919420bf662622249ecf48c35fba38,459568305d80253edf88c1bc4862a75c
False,2f14fa8b4823cdf8ca4bc302cbead914,459568305d80253edf88c1bc4862a75c
False,4f1b05154a94541fd8799089d7a5337b,459568305d80253edf88c1bc4862a75c
False,f0bf86bc9ed14a83e43637bee0b5ca48,459568305d80253edf88c1bc4862a75c
False,069c68136aaa77a3cea40c7508650c26,459568305d80253edf88c1bc4862a75c
False,5212d736621eda872892eb9fda6f2efe,459568305d80253edf88c1bc4862a75c
False,a560f452559874480feeebfd3c556753,459568305d80253edf88c1bc4862a75c
False,4485ffc86ecde366e351af3615c37eb2,86ab0afbc4ebc094e2b8a4c4ed3b0b8f
False,bf1bcaec99a6e28c459f41fce9d56113,86ab0afbc4ebc094e2b8a4c4ed3b0b8f
False,6ce53eafa21d4ac8083c73037cf44196,88d93fc3b60a6bdaf62dec645d53d0f1
False,6b4417a983a504553e09a56b5c491031,16d00ec132daebedc1dc487a10d4261c
False,2f0c9c086ecc2794fe8d69eba5d509cf,ce031100f9f9305e5144a6fb1f960c88
False,97ddbc60a7106ad7031db10b88b4272b,5a1f0196363595553d83647da4e2d95c
False,1c5f0073794cedc77b0a2255d2284afa,5a1f0196363595553d83647da4e2d95c
False,99239fc337a221140489f09793880925,5a1f0196363595553d83647da4e2d95c
False,8ca24d7805fa303b67dd91104c6fe499,5a1f0196363595553d83647da4e2d95c
False,ce4de17c10171afde5d3bbc1081cef69,a79b61c24592cf17b1f9b31fe8836e1c
False,5d34cd9b7784f057d163c9a77fa50d27,a79b61c24592cf17b1f9b31fe8836e1c
False,05b7e100b628d07c8d96822e72a2b015,a79b61c24592cf17b1f9b31fe8836e1c
False,b01da15fd08f95e5b1d7f279921fbaa9,a79b61c24592cf17b1f9b31fe8836e1c
False,b23b9e8023777434fad9cb1702b411e0,63b28bb2be0bf40085646decce81ae9f
False,519a85e719891a1dca4dec94066548cf,16d00ec132daebedc1dc487a10d4261c
False,89bba40e2e60429358d6fe744bd6f5f3,96de06d104947b553b8005216964b888
False,975d31b3aaced81beb9736dfdfda9977,96de06d104947b553b8005216964b888
False,753554da9548cea466507e4def8a5bfa,93ea6597c3cbd06e93a46b9f5368732d
False,db12f702184bece3ead51209b5935fed,93ea6597c3cbd06e93a46b9f5368732d
False,ba9fe89e6f8e741481df5ebce5afca86,86ab0afbc4ebc094e2b8a4c4ed3b0b8f
False,277a3b51c0d6554ae8aa2ee397b08045,86ab0afbc4ebc094e2b8a4c4ed3b0b8f
False,159505f7f5c5670f0634082cb30891cf,86ab0afbc4ebc094e2b8a4c4ed3b0b8f
False,1e4ceb08cf36d808216cff0bec13c238,86ab0afbc4ebc094e2b8a4c4ed3b0b8f
False,6cb690b20e536709ed624840261632b9,86ab0afbc4ebc094e2b8a4c4ed3b0b8f
False,d0ae9d7aa56698841a2ee7e6e31f4e85,86ab0afbc4ebc094e2b8a4c4ed3b0b8f
False,13b5a140c00f3d563564b1705174f37a,86ab0afbc4ebc094e2b8a4c4ed3b0b8f
False,32f76b202d84fca20bc3f2175710b116,86ab0afbc4ebc094e2b8a4c4ed3b0b8f
False,6dff71e122dda5c739f5c1250b70e9b4,86ab0afbc4ebc094e2b8a4c4ed3b0b8f
False,3c3c94eebea6c2c746c6311577174b7e,86ab0afbc4ebc094e2b8a4c4ed3b0b8f
False,9b3d51d457bdfafb4ff37894b3927f76,86ab0afbc4ebc094e2b8a4c4ed3b0b8f
False,15386782a948c3c9d92486c596956c11,86ab0afbc4ebc094e2b8a4c4ed3b0b8f
False,cdc808183a86ea9394ed0688612a0957,86ab0afbc4ebc094e2b8a4c4ed3b0b8f
False,de385ec7fbefe802eb5f32ff26fa49a1,86ab0afbc4ebc094e2b8a4c4ed3b0b8f
False,79988248756e3622da0740123169ba8c,4ac257095e5910e2bc7d78762f108103
False,bdb1eb461ca7de1510228e8775532d85,8500b63132a4f08ad0e93aa4802c3b13
False,eada1fe23096c6dfee18d6ee1a87f174,7cf3ce49c9252be9b44bbb0fe36346c0
False,3f7f6f0f46d4a1c61c7c3e418dc40c1e,81e0a5e4df9225810d89dbab210eba3a
False,5426012a508eeaeecdc308a54924ff7f,c34631f4890d84298d085f373f8b7df5
False,4688bbb1c0f381021331162a5548d8c7,c07c35714963668a8ec1b8784f83d143
False,3869d04fb5b35ebb9a0e55089432e65d,1bf70a91b0b28b92dc52e03d45abf61a
False,43eff988bc2002f6acb24d8375fc3122,acc9e045e4b8f5172d0ac72a8ef49476
False,8f86100dc3ab64da26481b3fe70f53bb,acc9e045e4b8f5172d0ac72a8ef49476
False,7de64311a855378da25e45f27f1836c9,d4c875bbd476d44dc804294e5093e895
False,c0a343c849a4d18670e632175d774a87,4d2e3aee12a3b7aafe24b9d775228c93
False,8dc27c446db853ee3a64979aba9c01ca,a853582dbc4e0e3787bfe18630be4ef7
False,d15c6fb508d1934ccc0e183b08beb4d4,a110c658ff5707b610617b51a902a2d7
False,07de1db90814954a6b0f4f9fe9532bab,a110c658ff5707b610617b51a902a2d7
False,991834c827fbe6799b88a610bdd2b341,bec47d00a476ce27ad9c5280dfa1b329
False,11499a9d654d4438b171e9a341fdfd5e,a110c658ff5707b610617b51a902a2d7
False,8143433ce9374193896a67bd98f95aec,40893d90d13631ff99ecb90c07ae7f16
False,6e48d8bd85a84ed62f2d871d284c9664,88d93fc3b60a6bdaf62dec645d53d0f1
False,a52a5c3e4dee32fb6277fefa15f706f6,8268ad6b5b32140c76832c56b6c4a4f5
False,6b187d23723f7c4f7d403b4cecc0b23c,78f132269093e26725b6d32f6080683f
False,fc9dae91d5586a299aa5f2b6986f627b,a11eb1b094c273d4c3152cc030e24456
False,18b5f0045af821b6647a0ec14afdb91a,a11eb1b094c273d4c3152cc030e24456
False,82f5488a5b898fbc98489408cd487a96,a11eb1b094c273d4c3152cc030e24456
False,1ece0fbf091aad8762b0f207f0510392,495b086776e9efccc306e291f4948925
False,c767a44dc010e646334ff47ef29bb320,62e586f2382adaaa101f8100148cf223
False,dd228e2765bf55efb88441c11140c74b,0ff32c2b6a14f9ac391aad3ab2b95f82
False,c91bb2be85045ea62282b089cc334e42,0ff32c2b6a14f9ac391aad3ab2b95f82
False,c635fbb124d44f205f3d15dbc57b5e92,e2823d4ac645709393edc6af5bb826b0
False,050dbea69c5d7ba9e5e34609a6552bd0,c98ff0c2a08fc06eef2c06d80507c000
False,41892ab9bafd4291c68a8a23dba23221,0ff32c2b6a14f9ac391aad3ab2b95f82
False,937b59fef8c6f25d076de058b3c4402d,c98ff0c2a08fc06eef2c06d80507c000
False,dc2692eac91eab0171d5214ef42f9aa9,f4e0fc61bf1784961622404da0ad14c4
False,b4b751b1ffad7f093d1ca9fdf45c0be1,9fc15b7bc57a11774146f41212037ce7
False,89707cb0b337698d2401f80e25455710,6d54b0f5e4c04b02d2ec0d8f807111b6
False,66f52560ef0ccc7e32e236fab6656985,9fc15b7bc57a11774146f41212037ce7
False,f7e8092af8f9c6c4dc3242ed2fc38745,9fc15b7bc57a11774146f41212037ce7
False,02663bf3aa363e249f5ddb07e14711ad,16d00ec132daebedc1dc487a10d4261c
False,395fc61593a397387b73a1520596bf7f,86ab0afbc4ebc094e2b8a4c4ed3b0b8f
False,47bc95807711e12b304adacb5801c973,b7919fc9aaad5fefd42735f912403c9c
False,e738f40e4a3ebb767b92c8d9e0771b1e,2f397f9000ff85bacdb382332d827148
False,97a5551184db8bf6e04fe3ab8345d7a1,4b9d5032f453c3d3b3a0035f41aaab8d
False,f183db26f3c010a03bdd47560d04968f,7e513d5af1fc711cb99018ad4f5e335c
False,0a481551cd25d49b14ac4f3ad81eeec6,a79b61c24592cf17b1f9b31fe8836e1c
False,09c40c9268631bee24b3668ab35e993e,c71ea0574fbe5a7f6d8196c476a8e397
False,01e9e70fff1fdb1b5ee02f146364b005,dc526452cd346ea11f29403129c77928
False,31b63235874f2900439e1927b2aa7e0d,896890bfb700eac98300d639ca970f2b
False,5f85991faddac0d6f9ab494b2edbe138,896890bfb700eac98300d639ca970f2b
False,ec792281311fd2da7a63e582e8933026,495b086776e9efccc306e291f4948925
False,cade34ddb64aee9115051069c6ec1938,f518e6e532ce4a2840da1ffbc2500b65
False,96184c5d0e43289b723a5fc2dbaf8211,73712832b44f8d0e83459a7e6d396103
False,3032b36baed6252a1dbfe7f8785b05ed,5a1f0196363595553d83647da4e2d95c
False,353af8b0370bfe0bd9cdef39be86fd04,5a1f0196363595553d83647da4e2d95c
False,90f719db8ca20db830137bafdbcc326e,5a1f0196363595553d83647da4e2d95c
False,4a78e25d76539601da0f8d4c76e92f59,5a1f0196363595553d83647da4e2d95c
False,3ec5f6bc9921b9b305294577278f42a3,5a1f0196363595553d83647da4e2d95c
False,ac440e3c7cfcfbee7b3127444d4c1fd7,5a1f0196363595553d83647da4e2d95c
False,4767d22901fdd5c2c91ff5720f066b1c,5a1f0196363595553d83647da4e2d95c
False,24c703b42ac523493176318cc2118f36,5a1f0196363595553d83647da4e2d95c
False,9d0b2bc6aaf96c38894e89cd8cb91938,5a1f0196363595553d83647da4e2d95c
False,6f84f2a03f293631ed5e29c546430b98,5a1f0196363595553d83647da4e2d95c
False,cab90fe7562eb7a6a4d708ecaf256fbe,5a1f0196363595553d83647da4e2d95c
False,eeb7a906d217cb617dee90c8772ff482,63b28bb2be0bf40085646decce81ae9f
False,22da5bbe6009ee07f0223a057751d362,a79b61c24592cf17b1f9b31fe8836e1c
False,952bd03682ec0464923b0127ed4e912e,8bf96b05a3b3c90147f3901ac1c97347
False,117da9b07c6e659f4fe791c5e00b419d,8bf96b05a3b3c90147f3901ac1c97347
False,4a599199d9589fccb2b8f42b642175ec,8bf96b05a3b3c90147f3901ac1c97347
False,a22bdcaab8ec1c988e4bd73985515681,8bf96b05a3b3c90147f3901ac1c97347
False,801062307ff5e1bee213f10f530101d1,9dcd3364a1370ea87493f8b1e7d8a95b
False,9855bc780df5c0823588cf36c20042f1,a79b61c24592cf17b1f9b31fe8836e1c
False,d1919aea55dcf3503fdf67a61c27f0d5,8bf96b05a3b3c90147f3901ac1c97347
False,18d3e119bb52ba5dc63e7a8ac6e38a66,8bf96b05a3b3c90147f3901ac1c97347
False,629cdd08e4f3403430745e0e3dad6cc6,63b28bb2be0bf40085646decce81ae9f
False,0ce27bc406f70fb90c311b38683d30f1,5a1f0196363595553d83647da4e2d95c
False,a26fa7f4e9d3886aed4132329bd53b71,86ab0afbc4ebc094e2b8a4c4ed3b0b8f
False,6e15e4e7ec534918b8bb109d91286852,86ab0afbc4ebc094e2b8a4c4ed3b0b8f
False,c829aee2147a782276f726934cc75f32,86ab0afbc4ebc094e2b8a4c4ed3b0b8f
False,06aa91f5b117abea1eef4664e8294b1e,86ab0afbc4ebc094e2b8a4c4ed3b0b8f
False,fbfc9800219783d578c16514f6b28361,86ab0afbc4ebc094e2b8a4c4ed3b0b8f
False,289b9de1f6ef87eaec109002002e871b,86ab0afbc4ebc094e2b8a4c4ed3b0b8f
False,a5808e4414fb4302f0884da7786f7e8a,4ac257095e5910e2bc7d78762f108103
False,80d37ae1395d27cb43f61d82429d17c7,ba8a53477d867c59759508d85c844050
False,0cda69cfab301c0013e4ddaa7e5d32c8,a6567816e007283cf9781c35b95dd56f
False,8fd2b8a87acd43e40335af9bd31754f2,86ab0afbc4ebc094e2b8a4c4ed3b0b8f
False,ea2c914fd7ab2898a1a824c2d879365f,c07c35714963668a8ec1b8784f83d143
False,b29f47b76183494dd8afccf37b9f2360,ad3991f087a03e649fd810bdf8eb3bc4
False,060ab3ab56a5203f92c9ef33a17027c9,ccb20107a408027e7c02de208ffb95f6
False,f04f6fbbf3c66e0bb4829df6f4a00632,a6567816e007283cf9781c35b95dd56f
False,d085c48a66fd8045cf11b605532ebb4f,7cf3ce49c9252be9b44bbb0fe36346c0
False,2e53ee51a14f62cab7af22a4661c6cdc,c07c35714963668a8ec1b8784f83d143
False,146c55edb72a3037f0be9da9e57143a8,c07c35714963668a8ec1b8784f83d143
False,5a228e58d4bd906f1b982c6838df3e4c,c07c35714963668a8ec1b8784f83d143
False,47fea98333f81a8f66f28b2dd73e5166,a6567816e007283cf9781c35b95dd56f
False,7c6f5a222108b979f449e2f84469ae35,c34631f4890d84298d085f373f8b7df5
False,e364d5c59f0ab128b777eeb452510229,a6567816e007283cf9781c35b95dd56f
False,5676ae9429e1a8b62c67acd465d81eab,81e0a5e4df9225810d89dbab210eba3a
False,c945909993e27d1d696999a937d9286d,c34631f4890d84298d085f373f8b7df5
False,b71ee823e3b673f88d8ce577a1f4e264,8fe918632d847e8ea3ebffbd47bd8ca9
False,c549900f7554a7a4921ccd6df908f5a4,f87f61ac1d4ed733179f30f69f2132f7
False,7f72139cb9a02d9bb38a0fe3aa91cc00,f87f61ac1d4ed733179f30f69f2132f7
False,280a713c2d07c9191b1d975882dba35c,63b467b52ffb610b54f996835bc31863
False,a3b6c0893b79ad40414513dc471a56f5,7cf3ce49c9252be9b44bbb0fe36346c0
False,d6a62985f10d457273e71b6123d184ab,63b467b52ffb610b54f996835bc31863
False,cc6fc075288cb6e14202d58d21755bf3,e8b7d96fad81134ba52f456da01f9f58
False,335fc808929877af1b0e556140e3edfd,ad173d59265cf2cbe796b2af2554da3f
False,3146de586e5835d120ffd98870098471,ad173d59265cf2cbe796b2af2554da3f
False,0fa953ef621d2f417f6e63aeada1a3ae,ad173d59265cf2cbe796b2af2554da3f
False,86705e353718b14f047071b5b660c9b8,c34631f4890d84298d085f373f8b7df5
False,161cbe1572c9400eaf1330942cfe1cfe,06c160cf55d41fbb8eaaa0ca36faa66d
False,6c9c16afc45bea4a82c33b1a651c0c5e,50e34df9ad1cc7685ea5851a03843374
False,faca08ad8536bb8b03829a757eeac590,79e668a39afbb0d1ab4a3e21c806d2df
False,8b66b1dd3ac32c55d5d445b6ba9cb456,4b9d5032f453c3d3b3a0035f41aaab8d
False,9c97d25650534a4a416fb1a8a9250083,06c160cf55d41fbb8eaaa0ca36faa66d
False,67ad9eade32627a95cd4cf3e810b503f,f07944507c57215f8818de33a6ac6f3f
False,9a02cfa4809c9ac0f66720b6304defc8,06c160cf55d41fbb8eaaa0ca36faa66d
False,0be0ef9ddfa9cb2b5780462c2d0ff773,79e668a39afbb0d1ab4a3e21c806d2df
False,6849cca976be45fd248cb135c1cf2fcd,06c160cf55d41fbb8eaaa0ca36faa66d
False,cf8a35aae11737a5c54ff1da23bcf17e,d4c875bbd476d44dc804294e5093e895
False,199853e1c2ed567a88b328d55f3f7355,4d2e3aee12a3b7aafe24b9d775228c93
False,3034ba8c9ff190680182f39e00f8434e,67b2ce3c85209823d1f43a4e6dd22ed6
False,eddf975cfa72e06dfd5afbbd9c23ed8f,67b2ce3c85209823d1f43a4e6dd22ed6
False,395fa66b36dff2d73f7329eb2ea63712,a853582dbc4e0e3787bfe18630be4ef7
False,b215b9e31e535717e76d96962513e573,a110c658ff5707b610617b51a902a2d7
False,bba23ff0fe8bfee458ded9785cb149d1,a110c658ff5707b610617b51a902a2d7
False,29249261bd55d71b5125ef52b51ab399,b0fdea742f1ed7aa2e7eb7a637670b31
False,861a45ba1cd82de36cf818edc7d007b1,a110c658ff5707b610617b51a902a2d7
False,0b2134ce05d9d6b9bbc5b7dab785ac42,a110c658ff5707b610617b51a902a2d7
False,28dd2bbeb463f88a193d6b9b019d5ed2,c71ea0574fbe5a7f6d8196c476a8e397
False,0f9515b2dfe0d3567aa3b6e1ca659be1,a110c658ff5707b610617b51a902a2d7
False,fe7de61adc9391cdfdc13d5a101b882e,a110c658ff5707b610617b51a902a2d7
False,2f51dea32ce422b05e099f57dc049fd6,bec47d00a476ce27ad9c5280dfa1b329
False,413a32d449dd9641ed285d37a3897e23,416ca54b14eaffaf58722fc0441a0f2a
False,a065b4795fad0173309c96f77ecc21d8,78f132269093e26725b6d32f6080683f
False,a8d5d2f8773a08e9a11a1a0ec57683f8,ca3a158919ed3c85a675dc3d6efabedc
False,a36ad60db5194f055aaf35690c71ce09,78f132269093e26725b6d32f6080683f
False,3587e21ba5f10d6c7d47aaf9171de347,78f132269093e26725b6d32f6080683f
False,9f6620eae096e31fa7eeef70a6edd755,d1f8c8ccd1fcdbc4cf4179f8577b84bc
False,00f1024c591c09515729268432e2c513,d1395c435d04e1b3d5f1e18c58d396ba
False,0bb6334707dd4b225907a1b106fc0dbd,a11eb1b094c273d4c3152cc030e24456
False,801245c46e4902edfcda049913891928,a11eb1b094c273d4c3152cc030e24456
False,bcba465fe2c9d230b9a89ddd8b781d12,495b086776e9efccc306e291f4948925
False,c5dd8b6ccb877738284a4806f6ceb7b5,d1395c435d04e1b3d5f1e18c58d396ba
False,00bdb7be93bcb049145d28fe1e9369bd,78f132269093e26725b6d32f6080683f
False,25297de8e756f2427486efd1050e9b70,a11eb1b094c273d4c3152cc030e24456
False,b34686eff1c076182c3fc593a140749b,a469329df1e0d2adffb6d953900f1cb7
False,d7d167e6875c3f59aea07b9e35cd5831,495b086776e9efccc306e291f4948925
False,24da29eda1e298e262775cb7c802c65f,0ab848cfe81747ad5f8c63dcb3d98ed8
False,d9367c201a010b9b5d203314432294ee,0ff32c2b6a14f9ac391aad3ab2b95f82
False,036ae5202d9049ed2fe9e01cb031f48a,715892aeae38d12aa79f585b4861e968
False,25962615b38f2dc596e5a931f00980e5,a11eb1b094c273d4c3152cc030e24456
False,abe3e28cc8d2ffe8dfdf69f2a87746c0,546f09da83480da993ae26d66b91ef69
False,c39c279c941b3e4322da248486ff9763,0daf2e4d83d85a8bf89e7231a189299d
False,c1c69af26ed5c6970c20953b0cb93b4f,e2823d4ac645709393edc6af5bb826b0
False,ed6ccf82b0a8bf400f34ffeb3a64003c,941c52e962981b34dac2b1f574cd63cb
False,deec36e58d5d08982ab8526b64a9613a,73712832b44f8d0e83459a7e6d396103
False,4e9ea916ec03e48d8706c462868c5d04,2770333b3d275f9595b62fedf34713da
False,4a3349a76f62aa246ff282bdc11cdd26,6d54b0f5e4c04b02d2ec0d8f807111b6
False,49f6e527bd02727654ce60ca33e108e7,9fc15b7bc57a11774146f41212037ce7
False,c97fa331716de56c61328e822efea926,86ab0afbc4ebc094e2b8a4c4ed3b0b8f
False,7a46557e570f6d0f05e7ed2021d0223e,86ab0afbc4ebc094e2b8a4c4ed3b0b8f
False,6142fcecc299ba890281a00d1f5564a6,86ab0afbc4ebc094e2b8a4c4ed3b0b8f
False,b68056923fce154f39247df37e5c53b3,4b9d5032f453c3d3b3a0035f41aaab8d
False,611910052c69dc35e765fb9dac3c4ba0,b7919fc9aaad5fefd42735f912403c9c
False,ecdae9cc22aafd7c5e0c80539a9eb4b4,1641f6047e285fbbe7d7e3fc9cc3b624
False,e13786910ce254cf9c484fa478154dd5,1bf70a91b0b28b92dc52e03d45abf61a
False,a28145aedfd7436f1e62bb45a05f178f,4b9d5032f453c3d3b3a0035f41aaab8d
False,7780f617f372be5ec52b028f733543c9,8fe2d8a16fdfa69fb181ccd1ed29f04b
False,b633b5355b1ad3779c086f312ccec8b8,ce031100f9f9305e5144a6fb1f960c88
False,39dcac7aed87cf6600795de24074f90c,79e668a39afbb0d1ab4a3e21c806d2df
False,8ef354a3d296d0c78afc38221fd85432,ce031100f9f9305e5144a6fb1f960c88
False,8e463e8f437ca2dcc9aade9ba2de2cce,865941b5581b480429a1ffe697adcf55
False,25d2e1b5910b6d6873d62ecd2d76451e,ad173d59265cf2cbe796b2af2554da3f
False,34d7d44a11fe4c4cdcaefc7d45f5ddd2,1641f6047e285fbbe7d7e3fc9cc3b624
False,e35b390c799034fa7a3b273c7eb35198,d58b9d05bbbb0e7ee0afb90ba9f731c9
False,914a5e98f0340146fe0abd4a7a2245ba,d4c875bbd476d44dc804294e5093e895
False,4fc58e290ef30d7d7435eacfdd72616c,dc526452cd346ea11f29403129c77928
False,44a13b858a7c3b4f35c98b8bc7ce44d4,a853582dbc4e0e3787bfe18630be4ef7
False,f5aff602066ab4a62d85d508b7ac19db,a110c658ff5707b610617b51a902a2d7
False,a9940d6fb272e7cdc77a99e4fddd316c,a853582dbc4e0e3787bfe18630be4ef7
False,357d782d1db6c26c0b61927f33b1cde5,d83eacaac02beda753a0a1699a84091c
False,d3b20c3b95caeef2eaa9ff0c328b2602,affa5249363911dd655e5a7cfacb49e6
False,e79d0d825c5b64c558fc6b5fd3a9002f,40893d90d13631ff99ecb90c07ae7f16
False,647893d7bd21151f64ebeaa10471b0e7,88d93fc3b60a6bdaf62dec645d53d0f1
False,a595f83330c495ef13b63a8ba041f48a,896890bfb700eac98300d639ca970f2b
False,b9231b4fa287999985f33f5395375cd5,63b28bb2be0bf40085646decce81ae9f
False,d9ed42199c3bd29c83e18bb4790ae8fd,63b28bb2be0bf40085646decce81ae9f
False,7d91bc2173fda5a185a92ddd9f6b1c28,63b28bb2be0bf40085646decce81ae9f
False,6dcb377395446ba8d1cefc2294bd5ccc,3d63d864ad452fdc975af38516663b3d
False,356887d6df07a355f77301d75ccfe54a,4920322fb53f1ef55d0345422849b030
False,2788e2fdad96a9e07213da722889beec,f518e6e532ce4a2840da1ffbc2500b65
False,2b2908ff62f9861aba231ceb2072159e,f518e6e532ce4a2840da1ffbc2500b65
False,32e2c5b1e8eb9b22259ca61f457b494b,495b086776e9efccc306e291f4948925
False,be0528a03f76defea655f75d5792b291,a11eb1b094c273d4c3152cc030e24456
False,a8d1834922198c810da0b5ab6e1ea8f9,bee1ec6864c04a5f85337858e964cefb
False,dfd7db7ae1fa1d9078359282b21874e7,a11eb1b094c273d4c3152cc030e24456
False,9590e8a7a1c69988afc783aa6678d749,62e586f2382adaaa101f8100148cf223
False,c3cf88d28edd6d7732bd9fff40c6f52e,6d54b0f5e4c04b02d2ec0d8f807111b6
False,80f274e8dbb485a2ae4ce3c89e141408,83d62b61c96e14d00795000fba410331
False,d947c30003e8cee498d39cebd01dda05,495b086776e9efccc306e291f4948925
False,b6c594d3990399a69bac9d077a77ee0a,6d54b0f5e4c04b02d2ec0d8f807111b6
False,c32b56611ebc69e341074c4688152d1f,f518e6e532ce4a2840da1ffbc2500b65
False,91df8c85a9a809f78ca4c37a3bf207e2,c3e3b26d5591c7fcc326a7d399d734bb
False,d8f659efaec35409f19f4ec50b634bb2,f518e6e532ce4a2840da1ffbc2500b65
False,883767a549be3f3284e88ea1ad8a7851,f4e0fc61bf1784961622404da0ad14c4
False,589d28a9027afd00d33564cbc857ee88,2770333b3d275f9595b62fedf34713da
False,d16c2f574ebf55617dca8c57dcb2eb81,5a1f0196363595553d83647da4e2d95c
False,23c6de7e5664ab97e8284f24eca7f14b,5a1f0196363595553d83647da4e2d95c
False,767fcf52e93e535f58d6957bb7a2c060,5a1f0196363595553d83647da4e2d95c
False,d10ee011ea439dbeed411b7d8c91fc8b,5a1f0196363595553d83647da4e2d95c
False,5015d3b5c65d678a550a473a4188381c,5a1f0196363595553d83647da4e2d95c
False,1bc0524e2c8bc0758795247bdebb9b8d,5a1f0196363595553d83647da4e2d95c
False,2001020c8c76fa0ba91c29141edc4242,96de06d104947b553b8005216964b888
False,6e451da2df480638e54f82026f3fbc21,93ea6597c3cbd06e93a46b9f5368732d
False,9d9190b9f1e93a638234ac0374425187,93ea6597c3cbd06e93a46b9f5368732d
False,e516a444d33593fe1d0ce473adc27601,93ea6597c3cbd06e93a46b9f5368732d
False,87fcad07bf91ec6f021a0ffb95315a8c,93ea6597c3cbd06e93a46b9f5368732d
False,d0471db5f4eb749d9abd260adeba383b,93ea6597c3cbd06e93a46b9f5368732d
False,adbeb63013ce1732ab5c370de9cb7174,93ea6597c3cbd06e93a46b9f5368732d
False,97b35a165f609398f5c10018ae4bd85e,93ea6597c3cbd06e93a46b9f5368732d
False,3f93dcf406bb88c326a15367886fb7a4,93ea6597c3cbd06e93a46b9f5368732d
False,70b819ca8bc865a91635a7b82111709c,93ea6597c3cbd06e93a46b9f5368732d
False,0698a6fed88b9704e389d814b7d7e078,86ab0afbc4ebc094e2b8a4c4ed3b0b8f
False,7c1272c113961ddfcc3c39f24eab234e,86ab0afbc4ebc094e2b8a4c4ed3b0b8f
False,2c24d17e1c5e40e5502193be81ed6c21,86ab0afbc4ebc094e2b8a4c4ed3b0b8f
False,90b8d0c21c5ec85377d9cf1904c66b0e,86ab0afbc4ebc094e2b8a4c4ed3b0b8f
False,bc38d12b22bfbd04c9fb45a61ef8c428,86ab0afbc4ebc094e2b8a4c4ed3b0b8f
False,c88ff1783e55a87146a6dec857e4cb09,86ab0afbc4ebc094e2b8a4c4ed3b0b8f
False,18136e769bb95e45bfdd93eb30d85956,86ab0afbc4ebc094e2b8a4c4ed3b0b8f
False,d7d5ca6787683af3b9aa9ea02d143d11,86ab0afbc4ebc094e2b8a4c4ed3b0b8f
False,fe40ba33a681658323f8b5f8e065fbe1,86ab0afbc4ebc094e2b8a4c4ed3b0b8f
False,52fbdb8390c92a8b7d50292f30230e62,ba8a53477d867c59759508d85c844050
False,35297328c4db76145e73e2cb5c6cd5da,ba8a53477d867c59759508d85c844050
False,32eeb52fe4eba77c675f4117a7299a94,73d4e01bd00f94e1ef031fcebf41f172
False,eb15a55dc553bca1cb2119ce0776529d,55e6fabfa27c6b44e628cbbd15cd608a
False,f84128f0763ae6b08138f175e7c4ad6a,55e6fabfa27c6b44e628cbbd15cd608a
False,a00eeb7b1b9336b2143b0d63b49c8d25,ba8a53477d867c59759508d85c844050
False,4fba954b9271e625c4b77a632cd93750,b4aa558aa5501984777986b5e9c0c046
False,fbba82f55467479570a81e867eba146c,a6567816e007283cf9781c35b95dd56f
False,dd3eeda5e4b51baffa2b30d761241aee,81e0a5e4df9225810d89dbab210eba3a
False,7e08ff6efbff3beef3a1fae88a19ae1d,c34631f4890d84298d085f373f8b7df5
False,6a933d429bc363f361dc251c412d98be,ccb20107a408027e7c02de208ffb95f6
False,c568fa2ad5aa559c9f9d4d7d6b9478ec,c34631f4890d84298d085f373f8b7df5
False,9789cbf7c5b14ae278a5c242b2c39f02,e8b7d96fad81134ba52f456da01f9f58
False,78831342155ceb323e52cf5afb640b20,ccb20107a408027e7c02de208ffb95f6
False,a8da8ba4bee9b7fc23dae411ed0cf6f8,c5501da865891c669bb17023f11ac57f
False,08f2180dda835641583f3686e3618ddf,e8b7d96fad81134ba52f456da01f9f58
False,a5ef327bdf507ba4be486cae77c5c537,ad173d59265cf2cbe796b2af2554da3f
False,80f66103446b41d09219cbc7cfb9e2d0,1641f6047e285fbbe7d7e3fc9cc3b624
False,eaff9d7706aa4410b797f863fe42910c,50e34df9ad1cc7685ea5851a03843374
False,84e8ba3b25d5ac0c55274df160fd569f,ad173d59265cf2cbe796b2af2554da3f
False,377a6256362868fece3db20fb699e16c,4b9d5032f453c3d3b3a0035f41aaab8d
False,49a73b02d0c310a36afd471964ff84fe,d4c875bbd476d44dc804294e5093e895
False,ae5cbc818f10b53e449f527c9bed5250,63b467b52ffb610b54f996835bc31863
False,4258530de06a130c50718165abf87be0,4b9d5032f453c3d3b3a0035f41aaab8d
False,c59753540f2ff6fd779065ab39cc95df,06c160cf55d41fbb8eaaa0ca36faa66d
False,339f600fbbc5df6ebdf088e1ba5d04e7,d4c875bbd476d44dc804294e5093e895
False,6683227a5e09a66248141eabffdd163c,79e668a39afbb0d1ab4a3e21c806d2df
False,8f1e0203753c46d702a65e1b6e55cc2b,93be5db536f85a9a75e826ed752362f4
False,af31dfc12d72f57c6882f4114c4f1f58,67b2ce3c85209823d1f43a4e6dd22ed6
False,67312029e1bed6730201492a5ccde4aa,943a29a4b0cdfb1fe535000ce677dbb9
False,356024a3ae5d1bf00b879a0733587544,dc526452cd346ea11f29403129c77928
False,96cc3f343e67f7c1a92cdda2112b3666,67b2ce3c85209823d1f43a4e6dd22ed6
False,8e85cdd9c629d7a08e4124d6a050fe8e,35316562fcaacd15c5606656b377747e
False,d5f60c9a9941cd87452039a5314c675a,affa5249363911dd655e5a7cfacb49e6
False,8e169d37f0c7a8430b0447558437f68a,67b2ce3c85209823d1f43a4e6dd22ed6
False,525ffe08b6824f0abed8d40fbeebbce6,67b2ce3c85209823d1f43a4e6dd22ed6
False,35b32b87cc38ce6fd9b86cf8b7cb7c1d,6c2c4e618f05ab1d567ad53851e77c3d
False,2b6c260f1915935599817f81fcf1c2d1,a110c658ff5707b610617b51a902a2d7
False,bbf0a05699a5b09a2c7e1eebbc06f39b,a110c658ff5707b610617b51a902a2d7
False,c36c24860b83246b1db0f78bacc2aba5,a853582dbc4e0e3787bfe18630be4ef7
False,ca4a438bf1f22c5694425339033d6ee7,fb7473a10e55354178ef755a9990ff3d
False,e362e8b2c489a6ed061fa0897e7a190f,d58b9d05bbbb0e7ee0afb90ba9f731c9
False,f4db478dd139c8b2fbadee28aadf7771,d83eacaac02beda753a0a1699a84091c
False,1dd20b25331c9b9d6709f8f861ef2309,a110c658ff5707b610617b51a902a2d7
False,55a6ed64d9baaa66a04436fe825de763,a110c658ff5707b610617b51a902a2d7
False,aa4f5b0b3685eccadfed907afda56c69,a110c658ff5707b610617b51a902a2d7
False,14b6e1ea07feadd1ec4eeeb0c323ea1f,a110c658ff5707b610617b51a902a2d7
False,a084408329e2f8a73ea7d7e00c9842ef,40893d90d13631ff99ecb90c07ae7f16
False,90c8bfc970f437120167978f09367720,a110c658ff5707b610617b51a902a2d7
False,328e777611b7e60e4fdf69325135858e,63b28bb2be0bf40085646decce81ae9f
False,c78c3131992a44cba86ea2a6f6ec4634,416ca54b14eaffaf58722fc0441a0f2a
False,35ff99c767021af04aad36474657fa6c,d1f8c8ccd1fcdbc4cf4179f8577b84bc
False,bb96e7d6209bbade182f3a616d355484,9c0352da86d3a60c812dee8586427920
False,bc94390f6908c9bab8b4e1edfa8920c1,54a9f3e6800c9f23de53b11e724d4132
False,69a0bcdbc8ab0aaae861cf975d947fdd,d1395c435d04e1b3d5f1e18c58d396ba
False,3b39297e068365c52b40e3f58c6f26b7,f91441fc91540550f8fd617ab58cc7dc
False,a35d0d8ff3506176328e8da462fac67e,d1395c435d04e1b3d5f1e18c58d396ba
False,99d5daf7071d590bd34cf577b1780187,d1395c435d04e1b3d5f1e18c58d396ba
False,5ddd208d0f101d8151d022b04de320b3,d1395c435d04e1b3d5f1e18c58d396ba
False,fdaaf0f292328506d89f0830658ed4bc,495b086776e9efccc306e291f4948925
False,78b75001e5d75ae4f74bebd31699d551,d1395c435d04e1b3d5f1e18c58d396ba
False,d392e401bdc2ec81b8a11fbd24c6d969,d1395c435d04e1b3d5f1e18c58d396ba
False,5006ed83baa17b091f2a13f4a10bc20c,d1395c435d04e1b3d5f1e18c58d396ba
False,95108a0863b6691f63222122a53c8365,83d62b61c96e14d00795000fba410331
False,5003721a35ba2508eb6ff3cb4418fc23,0ff32c2b6a14f9ac391aad3ab2b95f82
False,039a7290f7232947ff8d0745d5922c00,e2823d4ac645709393edc6af5bb826b0
False,428659a8d00a06063c0616afe5dda62b,0daf2e4d83d85a8bf89e7231a189299d
False,66fc691331db2f0294d80329e04f6a96,d3b4a80d8f002bc0a98863dd4b58be99
False,6cfcea33bcdcefadcf37832611ab47a9,2f3986a18a99eb43f87ec05fc4e217fb
False,f32e5a1062b310b2e61858d88e92e2d6,f4e0fc61bf1784961622404da0ad14c4
False,77abe6d9b9bb47c5d7df636e6c58f707,2770333b3d275f9595b62fedf34713da
False,1eb3d727e333a2271326f79b4610e461,6d54b0f5e4c04b02d2ec0d8f807111b6
False,2c809f2e055134bc0a5c8ba2e87be68e,ba8a53477d867c59759508d85c844050
False,083cc785cb29f97587846194ddf1d412,b7919fc9aaad5fefd42735f912403c9c
False,ecd65a1628b89499b78c8e364c60027b,4e70a3db2ffe3cc4ca7b06b2ff574af5
False,94b32f60fe2f6af3efc6398e8da59101,4b9d5032f453c3d3b3a0035f41aaab8d
False,99dd4bf35a1f30b5316436dd1cfe12a2,2f397f9000ff85bacdb382332d827148
False,d7b17ed7d0bf8ad04c9c71ff1132418a,4b9d5032f453c3d3b3a0035f41aaab8d
False,dcdbcbf421ee2247974d8543559e5220,50e34df9ad1cc7685ea5851a03843374
False,e1e180f1120e5948a7f340491f6b9544,acc9e045e4b8f5172d0ac72a8ef49476
False,665902701d04d6ef885b67b620a11088,4b9d5032f453c3d3b3a0035f41aaab8d
False,6d45837dca868d28fd8a993f73fd0b66,52db66197894425cce11b81989c4354f
False,04b241b0176b924517514fcb9bcc6a06,4b9d5032f453c3d3b3a0035f41aaab8d
False,e87a4fb908507a58f2a649d3fe618329,4b9d5032f453c3d3b3a0035f41aaab8d
False,77737366a5e51473485905c346c2264c,a79b61c24592cf17b1f9b31fe8836e1c
False,31379cd29c2886b97c588bb1b27e21b1,ad173d59265cf2cbe796b2af2554da3f
False,9e897a2b8f69f68acfe6461191d23b9f,79e668a39afbb0d1ab4a3e21c806d2df
False,813c1402484f59520c467e96d5109124,1bf70a91b0b28b92dc52e03d45abf61a
False,c79297159b5c5dd79c5ee124913fd670,f07944507c57215f8818de33a6ac6f3f
False,37805f079b7a753e5954e42cfcd38de8,d58b9d05bbbb0e7ee0afb90ba9f731c9
False,63a117ef57a5a567cc76a25658a9ea17,d58b9d05bbbb0e7ee0afb90ba9f731c9
False,9849e0dd10297c772e368ace58ea2877,d58b9d05bbbb0e7ee0afb90ba9f731c9
False,43dc46cb2683aa30b60bad9f163bc274,a4ba549eb1d0ce48b2434ccce3ab8ae4
False,8a08e091b6e000e1fc217f12d58c4223,1902abf4b6eb37adc110180a3029683d
False,fc032bd3654e2f2728b8abf4067e879c,1902abf4b6eb37adc110180a3029683d
False,d7bf71583f2d01856e458b8c828bbcd1,a110c658ff5707b610617b51a902a2d7
False,f643c5d5231775e9689d59972164c6da,6c2c4e618f05ab1d567ad53851e77c3d
False,bbd294031d91aeb74351d8dc915cc262,a110c658ff5707b610617b51a902a2d7
False,fa5f1bb6f8c4fe440bc566aacc787678,a110c658ff5707b610617b51a902a2d7
False,9f38fc9af26f304062be6e75e0766b67,a110c658ff5707b610617b51a902a2d7
False,cf9c13cd47255e12a4724b1c815f0089,bec47d00a476ce27ad9c5280dfa1b329
False,713da28a12b6970ac2ffb95102e87bf5,5d3de4b59ab914ff033c1cd1ba489663
False,631ea6fecd0069c1633493ebc882784a,d1395c435d04e1b3d5f1e18c58d396ba
False,782c54100fe73dc0d879fc73963a51ff,63b28bb2be0bf40085646decce81ae9f
False,07754a25d7fac68bf7eab0b0572a79ef,c711cdabccbb37086f48990b44765a65
False,c0bd54c5bdec61a83e4e64177af61f70,f87567f2159b425795ebb7ba9bc406ec
False,5ab1b1a8875e32aa6b8be17ade529fe7,78f132269093e26725b6d32f6080683f
False,89858434647b1da5bfa879d261522938,88d93fc3b60a6bdaf62dec645d53d0f1
False,61f0c4aa11418f1981797c5003c95f02,49bad4a30b3b2a6f33750f090804689c
False,a8dbe8bc008b8e4458c9677b064cb777,4920322fb53f1ef55d0345422849b030
False,72975f2fcecd520cd98c6bba1140c615,495b086776e9efccc306e291f4948925
False,ae35f4d33f4fa69dcbb4bc5d4f4182ea,87a222577e9c7b7a0739d92337f4fe46
False,831a6dd2c78ee66881aff29ded1b9e11,87a222577e9c7b7a0739d92337f4fe46
False,1298ca51a376b2527ac218eb9d1a8ffe,5d3de4b59ab914ff033c1cd1ba489663
False,993a28ac7c10646707e651788e6d59d9,a11eb1b094c273d4c3152cc030e24456
False,83bbb5003253f08b9411c6fe46823f7d,1402803ee4eeb66ea4dfe177d6c8b739
False,8648d334b42903509a1054f4ada04d19,495b086776e9efccc306e291f4948925
False,7e05ebeab9d31f6732d7481e445090d9,62e586f2382adaaa101f8100148cf223
False,886e2159f55c6670062bf449d3c878cb,546f09da83480da993ae26d66b91ef69
False,1db51054f7ef779942129acf5ddeb080,715892aeae38d12aa79f585b4861e968
False,eaae3ffbd0e05471e134376d78a5e74c,1402803ee4eeb66ea4dfe177d6c8b739
False,611a135e5e6245d713f0f6827d4fd573,9fc15b7bc57a11774146f41212037ce7
False,8f38c639adaf822fa0dd0fc8afd5d45f,3cc312b820c85f70fc78c502a74cee2d
False,66ce45b6cb0e15d6acc7b8c3f9dfd4b3,5a1f0196363595553d83647da4e2d95c
False,f8b78328f6410b2b082fe5fbda27f724,a856628c596dd7057f43518d33c17248
False,1f1a0bf548b13e97e84e540ff79f737f,5a1f0196363595553d83647da4e2d95c
False,b9dd2267ed66c708e2672a737db4cf8b,2eeab23e25219124ec1ede1f486b0a47
False,fe50336bbb5a2a22894be03fd1c3da80,5a1f0196363595553d83647da4e2d95c
False,f7bdea9a08fb58f997af5c19c885e7e6,2c93c41f7259f6a356f9732517177e49
False,1cc2ab53f75f36bac0531989ec727b08,2c93c41f7259f6a356f9732517177e49
False,60a5d489a749eb0bc41cb963ccc1454b,63b28bb2be0bf40085646decce81ae9f
False,508cf5e268bb2c1a7802e0b3ba655550,a79b61c24592cf17b1f9b31fe8836e1c
False,8084c4d275f59e3ba432d9c068a336e3,8bf96b05a3b3c90147f3901ac1c97347
False,2eb67b7dbb277a6ae8536fafe195c828,63b28bb2be0bf40085646decce81ae9f
False,94c9cf5cfac8993238dc00f0fef8038a,c05de0fb1c5fdfdd39bc2f2951236912
False,7f292b6dc0ff6354477dcfbbb89060df,73d4e01bd00f94e1ef031fcebf41f172
False,c417638bbf7eac6fba998c57b699e6c5,ba8a53477d867c59759508d85c844050
False,d9466d565019be129d122593819c7dde,ba8a53477d867c59759508d85c844050
False,2f6a8bdd73ee3481b87948d9b9c867aa,ba8a53477d867c59759508d85c844050
False,fdc8fd497d0c78be9e6c15050ffd3bd2,4e70a3db2ffe3cc4ca7b06b2ff574af5
False,c9cd57b0ce7c0f7d100cd162522c6638,a6567816e007283cf9781c35b95dd56f
False,3283e6e10e6c1ab70847702566ea95e9,86ab0afbc4ebc094e2b8a4c4ed3b0b8f
False,66b36e5c4412fe18e6d82c6b710463d2,c07c35714963668a8ec1b8784f83d143
False,c4080b67c71dc574aee7cb4141383c89,ad3991f087a03e649fd810bdf8eb3bc4
False,c196a83e4fa72f9432f0a177f10f2e70,ad3991f087a03e649fd810bdf8eb3bc4
False,ef99d8d7491fb95e873d13680d40ec79,f25862475f267041aef43e55164c8b14
False,ba5bb3f7c4b56c49fa97279a0c8079b8,f25862475f267041aef43e55164c8b14
False,728f9d2112fdd5b2ea60399ac19d316f,a6567816e007283cf9781c35b95dd56f
False,f3c18d721b4666317c158949c946784c,ccb20107a408027e7c02de208ffb95f6
False,f6f41149d74a32fa0ae73e912f8cead5,ad173d59265cf2cbe796b2af2554da3f
False,511addf85878d3889ecc1c9ba83b085d,ad173d59265cf2cbe796b2af2554da3f
False,bdc2cd0500efb4447aa3ea3666a3f80d,e8b7d96fad81134ba52f456da01f9f58
False,a8a4cd9aaa85c0329c0c25a3f0a7291c,baa62349a24a7796116785784f54b149
False,16eaf7193238ef1a262ef02f793e1479,ad173d59265cf2cbe796b2af2554da3f
False,5154ed5225c08ed0570dc6788ec6d10f,50e34df9ad1cc7685ea5851a03843374
False,d1cf3680e10367887e6306f38c0a725d,1641f6047e285fbbe7d7e3fc9cc3b624
False,63182bf28084da71147b30a63f7539b7,79e668a39afbb0d1ab4a3e21c806d2df
False,13046268ea2716c70bf6158578b307e0,4b9d5032f453c3d3b3a0035f41aaab8d
False,54e0345da124ac9d0116c118c1c51acb,93be5db536f85a9a75e826ed752362f4
False,3020955bad0f2e6a1498a655906d1baf,f07944507c57215f8818de33a6ac6f3f
False,b7d1bae383de5e06afa534924ecbe397,f77ce82d480bbb636091f3ccb2dd6c19
False,d7398a6790f6dcbb22f727b797c0e78a,d4c875bbd476d44dc804294e5093e895
False,474908dcbbfdbfd87e8cf83c2d664396,d4c875bbd476d44dc804294e5093e895
False,6031291ec7bac78318c68a1a5a1b979e,f0279c35ca9d530fcef53b3f1a1c727d
False,90a23366e5f9a8555894d4c74e8bd43e,1641f6047e285fbbe7d7e3fc9cc3b624
False,dab635e26fc407784d7ee69da9a7f31a,f0279c35ca9d530fcef53b3f1a1c727d
False,5bd63bb62f68696e4caab2e657b5f3f4,f0279c35ca9d530fcef53b3f1a1c727d
False,8c308b9078a8254c68b28cc008c04225,a4ba549eb1d0ce48b2434ccce3ab8ae4
False,8570c34ff3a934991ac827a97a748ffa,67b2ce3c85209823d1f43a4e6dd22ed6
False,fc6cfa91215d63ff2b17f6e1e7d5d45b,943a29a4b0cdfb1fe535000ce677dbb9
False,82861ffbfe1150ae3710917e81fcfdcc,35316562fcaacd15c5606656b377747e
False,e8a233dbfe777d7b2084be9387087be8,6159a8f0e1802fed8298190971621385
False,0fff52d36270eb55b95729a51443e059,67b2ce3c85209823d1f43a4e6dd22ed6
False,4872559e3f3563ac2503a2a9ef1adba1,a110c658ff5707b610617b51a902a2d7
False,6356771add64bb27aaea64e783d1baeb,a110c658ff5707b610617b51a902a2d7
False,2d7362ebaf9b7d245421fadbe890f73d,885b87b987bbba3c7f71e8ea12fca0a7
False,0ed88de78883360a99fa274584f58ac8,a110c658ff5707b610617b51a902a2d7
False,a10f4bfd65e90640f27e2b0b28525c90,885b87b987bbba3c7f71e8ea12fca0a7
False,ace407c91b8956dbf7a97af08b8d20d1,a110c658ff5707b610617b51a902a2d7
False,f88ba731df656f4d0c4767780e3bca2f,a110c658ff5707b610617b51a902a2d7
False,2e3acfea5637fbe5bc9f518ae58fc6c2,c711cdabccbb37086f48990b44765a65
False,5e844a6bb4ec5d89a13ae5d475ce1cd9,d83eacaac02beda753a0a1699a84091c
False,3a2dca961516ad65ad7b4d8893d325fe,416ca54b14eaffaf58722fc0441a0f2a
False,65fba24386b4f8dc5c9293bb64fa9596,d1395c435d04e1b3d5f1e18c58d396ba
False,1b837a8f84d1f687137b4ce574887797,078e9177c3cbf0104fdf779f5c74d0d2
False,7de663a90c512bc34d3c1f56a6608956,d1395c435d04e1b3d5f1e18c58d396ba
False,e01f7073b36609e0af117bf2f38c20f0,f72617264c26335a59f81e66138911f6
False,59f34c6ac7960597fe54fad4b7cd5b5f,f91441fc91540550f8fd617ab58cc7dc
False,7d042959d6c2d8d0caa3ca0727427cbc,885b87b987bbba3c7f71e8ea12fca0a7
False,7887fbbbb239df45083488d41fc2e8ab,885b87b987bbba3c7f71e8ea12fca0a7
False,697955272501757a79cf58d2b2c8c0a9,9dcd3364a1370ea87493f8b1e7d8a95b
False,63b86f9b5afcc04aab6dead47b3323e3,9dcd3364a1370ea87493f8b1e7d8a95b
False,249870ce8b5968dc0b2c4370509cdcaf,f72617264c26335a59f81e66138911f6
False,a9165db56df22b9aaaba287ef480eea2,c94f6f0b9f9d8b34612c4ad729c48abd
False,77c4f20ee9d1fbc725aae77ce2bd4025,4920322fb53f1ef55d0345422849b030
False,82a38898f7f626ff19522923a16e1962,4920322fb53f1ef55d0345422849b030
False,94217f5cd917aed66060b1b1a6acfa1a,d3b4a80d8f002bc0a98863dd4b58be99
False,6b60f0539f3dfab59c997f596791dfa3,62e586f2382adaaa101f8100148cf223
False,a7a6f6234dee57caad2edcac45de2a51,546f09da83480da993ae26d66b91ef69
False,e83f03aed9132be6801e2308039c007c,715892aeae38d12aa79f585b4861e968
False,3763584a6fc38e55aa02c03a854feeb2,715892aeae38d12aa79f585b4861e968
False,3ddd224f7f1a4925054952b65ef8386d,715892aeae38d12aa79f585b4861e968
False,8b43de5d64ebdf460dbc6f64676c3026,3cc312b820c85f70fc78c502a74cee2d
False,cabe3913afbccaa41224110373ed0fe2,3cc312b820c85f70fc78c502a74cee2d
False,27076599823d515209fd408a12812ec3,2f3986a18a99eb43f87ec05fc4e217fb
False,b1093c5bf03ebbb9b283517cfd2da454,0ff32c2b6a14f9ac391aad3ab2b95f82
False,4bafe8c349b0975c8bb0d3189cbb4079,2f3986a18a99eb43f87ec05fc4e217fb
False,65f986d24fd959e027228ef77ec0a7d0,c7c3129944c729dc2d97372b90216e90
False,1d6d792c5ca700fcd873a862709cd87b,715892aeae38d12aa79f585b4861e968
False,b0e580b2cfeb5a60a357eaa6082a6bcc,c7c3129944c729dc2d97372b90216e90
False,ab80f7ec5925c3071873793254ed8837,e2823d4ac645709393edc6af5bb826b0
False,e074cb84ed280855e5e29fc5f263bfcf,c7c3129944c729dc2d97372b90216e90
False,76e8474c9a8fe023f0675344e70c894c,0daf2e4d83d85a8bf89e7231a189299d
False,1dd23c86de02aaa737fa67b70d5c5c97,9fc15b7bc57a11774146f41212037ce7
False,9cf5e6b738e81c0ed43850eee34d39ce,2770333b3d275f9595b62fedf34713da
False,0094e8dc0aec4e6cfe413d4bc0c6ee60,86ab0afbc4ebc094e2b8a4c4ed3b0b8f
False,abe0d853599f7dbd8313a7f8f15f1762,86ab0afbc4ebc094e2b8a4c4ed3b0b8f
False,8d943483fdc2cab011918a45b378b662,b7919fc9aaad5fefd42735f912403c9c
False,d2c974aa35dac24ae80568dd4b09d5c1,4e70a3db2ffe3cc4ca7b06b2ff574af5
False,2b4e77769dc82c4922715c8d7adb8e8a,4b9d5032f453c3d3b3a0035f41aaab8d
False,df61efdd71f5b9042979f5fb83e880d7,4b9d5032f453c3d3b3a0035f41aaab8d
False,ee585792cdcc232c4842b677cee61412,4b9d5032f453c3d3b3a0035f41aaab8d
False,103b8178c4bcce1d6007b8a45143effe,f82c6c831f70c7f1185a9a6ea90f5dbf
False,fe45c050328de68e5972d454a4339b5f,52db66197894425cce11b81989c4354f
False,fd65b80ecb41c5ef4b1fb28b2568d37f,50e34df9ad1cc7685ea5851a03843374
False,ab21236b313239ebe81d3ab3e57951fe,1bf70a91b0b28b92dc52e03d45abf61a
False,f6e99c6dd3fa630732db0daa99d95579,4b9d5032f453c3d3b3a0035f41aaab8d
False,6ea8a2ab61864c6bacb55ee53b188923,4b9d5032f453c3d3b3a0035f41aaab8d
False,656fd75b7ba490055526361bf50536df,4b9d5032f453c3d3b3a0035f41aaab8d
False,fb552486f2bc68e72b1a08e8fea1c2b7,ce031100f9f9305e5144a6fb1f960c88
False,7f9f68f34a9f8895a02fc29417bb638a,acc9e045e4b8f5172d0ac72a8ef49476
False,d82cf7fe4ea9c4957e26eb772d31679a,35316562fcaacd15c5606656b377747e
False,c2c189b2581eb3d299354684bb842af8,35316562fcaacd15c5606656b377747e
False,47673f08f82ac27ea73513ba608c41bc,dc526452cd346ea11f29403129c77928
False,6ed364e8804c9a0867452fb06ba4d842,d58b9d05bbbb0e7ee0afb90ba9f731c9
False,80ecb99002afa1b159e3ddae2a5bcda1,67b2ce3c85209823d1f43a4e6dd22ed6
False,bece3b98b6f49444ba20ae1e38912e99,a853582dbc4e0e3787bfe18630be4ef7
False,e998587a2b87ccddd0641e2a09d92d34,affa5249363911dd655e5a7cfacb49e6
False,9fa3ffb3127a3aba3cce271de5337ff1,40893d90d13631ff99ecb90c07ae7f16
False,78d13c0c72a1ffd5c6797989ca79c2da,a110c658ff5707b610617b51a902a2d7
False,36ba1c00fc5b6ce396cc892465f25326,d1395c435d04e1b3d5f1e18c58d396ba
False,41c6051ecd030911834a724750a82df4,c711cdabccbb37086f48990b44765a65
False,4c4add559116213888ef4ea212538141,885b87b987bbba3c7f71e8ea12fca0a7
False,b56945ebae1e87f96b8b465a5e7e7acf,83d62b61c96e14d00795000fba410331
False,fdc4bd23a4103638c11ccc5540b3dc57,88d93fc3b60a6bdaf62dec645d53d0f1
False,62092ca1d0fc95bc749d72baa43a0b99,896890bfb700eac98300d639ca970f2b
False,c6333db773ffe6d55c16dcb265bcfb07,f72617264c26335a59f81e66138911f6
False,874267d3fea0d838d0725e7833e8edf6,495b086776e9efccc306e291f4948925
False,45b94932dfda706abf10d9a414269536,495b086776e9efccc306e291f4948925
False,3c105afae892c3e33ce229f31d9943bd,8b54e4bca14251d41a6b4692dd02e70d
False,0261f941096e9294220fdde3b14c19d9,8b54e4bca14251d41a6b4692dd02e70d
False,15707bc4878307c785fb11173ce5ddbe,00ebb3d5027a75709518dee02d665c4a
False,9a9a9bd0bd48222eae6b95ba1b074cba,f4e0fc61bf1784961622404da0ad14c4
False,96c94c914872848bd0358418fa9c4d69,2770333b3d275f9595b62fedf34713da
False,3303f28c3f303c05ffdfceb28b3152df,d3b4a80d8f002bc0a98863dd4b58be99
False,8c90e2161f5eb77cc75bd0269c35715b,2eeab23e25219124ec1ede1f486b0a47
False,b6ab88f7b77c6ff21ffa8265bf7aeca9,3cc312b820c85f70fc78c502a74cee2d
False,796782d4580e81fbf83822da7df80653,2c93c41f7259f6a356f9732517177e49
False,b20f76234a2d491a87c8f0d94921744c,c05de0fb1c5fdfdd39bc2f2951236912
False,8a4d55ffd02ddedda184b010216e2fb1,86ab0afbc4ebc094e2b8a4c4ed3b0b8f
False,2a791b038a39bb1348873c0c207031c5,ba8a53477d867c59759508d85c844050
False,673ba5dbffe60edb1c0d8c6aef1e0fd2,ba8a53477d867c59759508d85c844050
False,2175192a7cc618f71b652743a813b3eb,ba8a53477d867c59759508d85c844050
False,7d353ca2fb3cfdbef1cd5f9b518dec9b,4e70a3db2ffe3cc4ca7b06b2ff574af5
False,f7eaaa627fb659298bc17d06b522d11d,73d4e01bd00f94e1ef031fcebf41f172
False,68e644f119a448641326f3545683d51b,55e6fabfa27c6b44e628cbbd15cd608a
False,23e7908554651142cff8066b3f924b89,a6567816e007283cf9781c35b95dd56f
False,90cc4a11f8de71cb88ac3689d33d9ec1,55e6fabfa27c6b44e628cbbd15cd608a
False,95df2579fc1df81bb5d12158485b71b0,55e6fabfa27c6b44e628cbbd15cd608a
False,361ee61b940d2bdabbe8c74b86ba99c8,ccb20107a408027e7c02de208ffb95f6
False,bb8b736884e6fc1085eb5b80a374fec6,e8b7d96fad81134ba52f456da01f9f58
False,3fa351b266d20316572a9ee753df2090,e8b7d96fad81134ba52f456da01f9f58
False,a410bcf38227ba1edbdf7f39b538d0fd,4e70a3db2ffe3cc4ca7b06b2ff574af5
False,1a322a67056096ed8d6bce0c9eafd845,63b467b52ffb610b54f996835bc31863
False,553503c114edb9b8f336922d10853664,e8b7d96fad81134ba52f456da01f9f58
False,d5c803c6420abb5fe5cf41d6e91db2d1,50e34df9ad1cc7685ea5851a03843374
False,5cbf02b515a3ecfdc7426b80f1f3ed6f,8072b7dbea1be897ce7df611bc5aad3c
False,488e14f10a7d7b5c4be888740573f1d0,93be5db536f85a9a75e826ed752362f4
False,55c99915df47badce3f52c495ac69212,93be5db536f85a9a75e826ed752362f4
False,1c88b23a16c39bf07413ac9ce397c5c4,4b9d5032f453c3d3b3a0035f41aaab8d
False,c4d06ab6de02411b3a661114ad6a28dc,93be5db536f85a9a75e826ed752362f4
False,78e4312aef9b6bf5c00ee9e503cda30b,f07944507c57215f8818de33a6ac6f3f
False,84fe26ad3f96e5fe35b53d3b31c79b68,79e668a39afbb0d1ab4a3e21c806d2df
False,9efcdfd5886ce47c6a62a6e0106d65be,79e668a39afbb0d1ab4a3e21c806d2df
False,0ab9a2cc784ca74eb65f7091b74da82a,f0279c35ca9d530fcef53b3f1a1c727d
False,2ac8e2c9b8a66b1d3d3e59976cb675bf,a4ba549eb1d0ce48b2434ccce3ab8ae4
False,175ce206811bbf88f1a4f1f7d0da2ce4,f0279c35ca9d530fcef53b3f1a1c727d
False,d3dbe75ae3b8b56a8a08f1ed3906a79f,35316562fcaacd15c5606656b377747e
False,bc4c15a9ac36aa97cb030ff238640c1e,35316562fcaacd15c5606656b377747e
False,4cd62c2f856c6eb7aff9ac059e36ece8,93be5db536f85a9a75e826ed752362f4
False,68e52a2fb6e21aa316508f13e8c401ad,f4051d4aee43894a99d5bdcedc63d123
False,03e7fccc377aa969006f7808366c4399,bec47d00a476ce27ad9c5280dfa1b329
False,b5a00ff58094195c7428ed0522542a97,e1c59bb1a9a69f951367e801c2e54e0a
False,f2772e2fe12a59367d78b3f051d21bea,e1c59bb1a9a69f951367e801c2e54e0a
False,82a61ad7c94de04e5c5eb170768a965c,e1c59bb1a9a69f951367e801c2e54e0a
False,3c0a687e2f3bee0b1aa2a94dfc8bb86b,8a78e5ca4f686b97046205d148eb9a9c
False,c4488f82a24c043ff7294e4122a70f25,9dcd3364a1370ea87493f8b1e7d8a95b
False,dda9926d8341782e894b8077a6387a25,8a78e5ca4f686b97046205d148eb9a9c
False,b4e47e9d2826a2db2896baaee67ebc18,c711cdabccbb37086f48990b44765a65
False,670cb4a439016b8b1f685fb695389ec6,d1395c435d04e1b3d5f1e18c58d396ba
False,32d80104d606e753ed50389aa7d88119,8a842878dcba5ebf4510275ff3b21e0c
False,b0ac2a95076ecb0c2d7a4390789cc8d3,4920322fb53f1ef55d0345422849b030
False,b240a1776bccd3a53cde126cb6be02e8,4920322fb53f1ef55d0345422849b030
False,c8eecbc54cee22cdf68c1db30233d5c0,9dcd3364a1370ea87493f8b1e7d8a95b
False,552e3c6ef4da6ba5748c4e7714171a49,62e586f2382adaaa101f8100148cf223
False,77817f6cd5e1eaa1104ffb635e06e384,3cc312b820c85f70fc78c502a74cee2d
False,24cccd9e4d60210164a31cd72a5aa34f,3cc312b820c85f70fc78c502a74cee2d
False,c8d57d9c52c34c00808ef4bce8145acf,546f09da83480da993ae26d66b91ef69
False,4966e6789ae66f2d9c6a486a60a6b07d,2eeab23e25219124ec1ede1f486b0a47
False,b4b89351f2a8aa387e210a299bde50da,73712832b44f8d0e83459a7e6d396103
False,1fedf4e501b659c95f8936892d316f77,ba8a53477d867c59759508d85c844050
False,cae2cde75dda91502f5b30ac6b67c1b6,ba8a53477d867c59759508d85c844050
False,de42db0b26840117228f5e9cec81aecb,ba8a53477d867c59759508d85c844050
False,eddb67da2d13c49a40a9472aca64a453,3e794c427dbac41b249763e808cee102
False,4d94197350f25075edfc111f8a889275,3e794c427dbac41b249763e808cee102
False,da6ac901a2fbcaff823937cb6aa56897,3e794c427dbac41b249763e808cee102
False,e9011cfe67a1d2840bb6c082c6af1081,4b9d5032f453c3d3b3a0035f41aaab8d
False,baf5bc8cb40ba3c7e16ffa2cbdf7c2ba,4e70a3db2ffe3cc4ca7b06b2ff574af5
False,e2eac51d9017c660d41c51a3692c5481,3e794c427dbac41b249763e808cee102
False,a90c4a8c1429f90b407c8686422ae878,3e794c427dbac41b249763e808cee102
False,60153bdcaac7fbc83b0ccf653f67e5a8,4b9d5032f453c3d3b3a0035f41aaab8d
False,a8278a37f7583b43af7f01bdf458008a,4b9d5032f453c3d3b3a0035f41aaab8d
False,1a1ab3936d33d2511ec0a14c222de5ba,3e794c427dbac41b249763e808cee102
False,c92478b6c642f910cacfae8aaa987f12,f82c6c831f70c7f1185a9a6ea90f5dbf
False,5eceef509eb09aae1bc4efc36da3f03c,4b9d5032f453c3d3b3a0035f41aaab8d
False,14b34bde5a0a5328dfbecbc0c27d2658,93be5db536f85a9a75e826ed752362f4
False,b66d78c7bc6b26088e628a3b5abeea41,93be5db536f85a9a75e826ed752362f4
False,22ac51ab0317ec37b606b0095dc80890,943a29a4b0cdfb1fe535000ce677dbb9
False,c3cdf9669a4c733e7240f5a799e21655,affa5249363911dd655e5a7cfacb49e6
False,dbd8ab87a3f39f018a8cf564b47f6d10,67b2ce3c85209823d1f43a4e6dd22ed6
False,f34327b62426079396f76d8ade7563c8,d83eacaac02beda753a0a1699a84091c
False,0c261da85a7411cea67d18f3d1874386,f14865281c73a095447c5316bc5be820
False,33a54423fa4458bff405eb498045d85d,63b28bb2be0bf40085646decce81ae9f
False,6909912f02cdfc294f281bb20964fe22,f4051d4aee43894a99d5bdcedc63d123
False,8c90f5c52a6817871fc68fe41d6b571b,9c0352da86d3a60c812dee8586427920
False,da01f616bd9381f9357bbecfef8f0eb6,9c0352da86d3a60c812dee8586427920
False,a6fa4d4ff939425b875ed14931cbd3a9,d1395c435d04e1b3d5f1e18c58d396ba
False,01f99a416d0eaa1191e62d1b7612bc09,c3e3b26d5591c7fcc326a7d399d734bb
False,50bd373d17e6092a1d85b994d460fd52,9dcd3364a1370ea87493f8b1e7d8a95b
False,878477f96fc0e76e3a0e8066babc016f,bec47d00a476ce27ad9c5280dfa1b329
False,e774d1edc68fd1fd7dc0718a453ac2cb,f72617264c26335a59f81e66138911f6
False,06af8b82af02e1ff68d0ca154ec7fe39,8a78e5ca4f686b97046205d148eb9a9c
False,5ee4678fab0bd174e2d6b30a429fd5b1,f72617264c26335a59f81e66138911f6
False,92e004145b45c3613c9b2a65d8ebc8ee,c94f6f0b9f9d8b34612c4ad729c48abd
False,ffabff03c61ac3917791ac04a330c5e7,c94f6f0b9f9d8b34612c4ad729c48abd
False,6ec3df424177eb576706149ed18a1045,f72617264c26335a59f81e66138911f6
False,03268af106f89c3bec044ec559846542,4920322fb53f1ef55d0345422849b030
False,7349d32da152c357f12d06236be9212c,4920322fb53f1ef55d0345422849b030
False,c9201ada151e51d22d4198d4709ee148,c3e3b26d5591c7fcc326a7d399d734bb
False,1563c9055df7203322d4c5be7233a9fb,2770333b3d275f9595b62fedf34713da
False,abc6b5040dd71edd01cf780f38f623a7,b3d7cf2ae17e596a9a438436a764c901
False,73c42b1f04bb531f2a48374f3617336a,b3d7cf2ae17e596a9a438436a764c901
False,7561d963e9a729f772e1593bd99f2181,b3d7cf2ae17e596a9a438436a764c901
False,820ac62569af72107e25cc3ba3959752,b3d7cf2ae17e596a9a438436a764c901
False,cd961747fa13fe6fc151ef55dcec9c9b,b3d7cf2ae17e596a9a438436a764c901
False,8aeff9acec2619f9611ba7cfe9c5d440,b3d7cf2ae17e596a9a438436a764c901
False,fb0aedc80e9160fd104be3b5e5bcd330,3cc312b820c85f70fc78c502a74cee2d
False,672c3e33fb1c737c15a20f90910f4675,3cc312b820c85f70fc78c502a74cee2d
False,c57d0bbd48d2bfa9f8781b889020e1ba,b3d7cf2ae17e596a9a438436a764c901
False,d89617dfdbc59e64266da4d145a0ca37,b3d7cf2ae17e596a9a438436a764c901
False,af7aa471d22f969d7e8b2a0f06990f5f,b3d7cf2ae17e596a9a438436a764c901
False,0cbe81fabd686bb117c01c36063875cf,b3d7cf2ae17e596a9a438436a764c901
False,36e504b4c87dfd44fbb2525137f2fdb4,2c93c41f7259f6a356f9732517177e49
False,a38ba0edc314fe00d060a60b4dd7a805,a79b61c24592cf17b1f9b31fe8836e1c
False,80b28c1bb40c5b4acff7b1c81e69c964,63b28bb2be0bf40085646decce81ae9f
False,7bb57fc8f36f8055763a239c981daf4e,a6567816e007283cf9781c35b95dd56f
False,79756adae4d7916d76f9bc98229fa3ac,3e794c427dbac41b249763e808cee102
False,71baabbbaf60b78d275fbf0a73847d62,73d4e01bd00f94e1ef031fcebf41f172
False,27a2fbbcc81b66f8ddefd1b75bd39cbb,3e794c427dbac41b249763e808cee102
False,887c84f22455aad052225e223ac6589f,55e6fabfa27c6b44e628cbbd15cd608a
False,727a3835a8deae24bebfd3e87b85aa17,55e6fabfa27c6b44e628cbbd15cd608a
False,b1491ab6c1351381b3142dc328e1a305,ba8a53477d867c59759508d85c844050
False,fafa631effde86b70ec91be1157913a5,baa62349a24a7796116785784f54b149
False,bd50489f73b7ea96abb6b8506d3312bf,832a17971bf76e42791f7cbfd25a3540
False,b06299c6cfdc67f64b284d5be60bd541,93be5db536f85a9a75e826ed752362f4
False,3e367430015d974f249fde5d4836a870,f0279c35ca9d530fcef53b3f1a1c727d
False,26b97ec221c967c31fab3da5b18c8e4f,bec47d00a476ce27ad9c5280dfa1b329
False,8fbca12072d15d464f5026d7dc174f4c,a02fedd50a4fa12e8d08746537564bea
False,8300416466d33ab3b01c296cfd8fe221,8a842878dcba5ebf4510275ff3b21e0c
False,974993097f027f1976e137244e4283b1,9dcd3364a1370ea87493f8b1e7d8a95b
False,cc62552a5130ff702cff09e0c37c1ea3,9dcd3364a1370ea87493f8b1e7d8a95b
False,18baa4765c7f7504c7abc2f9adef5670,3cc312b820c85f70fc78c502a74cee2d
False,01ea641d59d0e358845f3bf56b7f8e9f,2eeab23e25219124ec1ede1f486b0a47
False,d141e27635f82269fc3e5f51f7183dfe,c7c3129944c729dc2d97372b90216e90
False,40e1c157d594d5420a8173bc86ab7927,4e70a3db2ffe3cc4ca7b06b2ff574af5
False,3b41a8daedc906afd18657d956590d8f,4e70a3db2ffe3cc4ca7b06b2ff574af5
False,df3f3079f414f37b62759170b1ae5c92,3e794c427dbac41b249763e808cee102
False,e147bd189b17b0b05946b1640c80402d,f07944507c57215f8818de33a6ac6f3f
False,8a2eb8aa4931305273ec5d1b5e8996bb,a02fedd50a4fa12e8d08746537564bea
False,b9fef7c4bb51cab21e65fd3a8bdab489,4920322fb53f1ef55d0345422849b030
False,420e76f4b32db6ec0cc02a8432fea1e4,495b086776e9efccc306e291f4948925
False,9c97ae29200e227871c9538f26755d83,00ebb3d5027a75709518dee02d665c4a
False,99f4e1308bf680a2aa8b6a44cae4a4f9,f72617264c26335a59f81e66138911f6
False,9c14ad6b219441ca2d6f920e29fab0c8,4920322fb53f1ef55d0345422849b030
False,37a956988d090f2d8ed73c6f1677c60c,4920322fb53f1ef55d0345422849b030
False,11e94807c1ea612b8cff5ef038a18a1e,4920322fb53f1ef55d0345422849b030
False,47931f36b8adeff101bf797e6b8b0209,4920322fb53f1ef55d0345422849b030
False,c9b45f160402654e1520d7ac49cbfefc,4920322fb53f1ef55d0345422849b030
False,5c8bdd09783f4653e5b64c0ae9d12149,b3d7cf2ae17e596a9a438436a764c901
False,029735a1b4dda68a6fdec37bbdbe3716,3cc312b820c85f70fc78c502a74cee2d
False,4fb381a55d1f5c497b8b7ce561b99ef1,b3d7cf2ae17e596a9a438436a764c901
False,9229be097b5b793234075d087bf5d8d2,b3d7cf2ae17e596a9a438436a764c901
False,ee0ab4229b026bc9a8819a83c3b40608,c7c3129944c729dc2d97372b90216e90
False,9c26f7ac18ec39f1a95281ae179c27e2,c7c3129944c729dc2d97372b90216e90
False,12cf27adf1840ee69f689c01358b2441,ba8a53477d867c59759508d85c844050
False,4585fd8f2b568ca9e83c95479752ff3c,ccb20107a408027e7c02de208ffb95f6
False,d0520510e0ef970dd9fbc1629fc435d3,93be5db536f85a9a75e826ed752362f4
False,1df216a62f9f2d8c52e2c30ebb930f5d,93be5db536f85a9a75e826ed752362f4
False,48fc54ce0ae0abc71776425f4212659e,f14865281c73a095447c5316bc5be820
False,736ac5d35ec0f20de0d23adbc27b2461,bec47d00a476ce27ad9c5280dfa1b329
False,03ffd9e821327106c60c16fea5cc9189,c94f6f0b9f9d8b34612c4ad729c48abd
False,6b53154db80c6db35186035cb6d4cc07,f72617264c26335a59f81e66138911f6
False,0c7e7edb7dfebb6487334f3780fa59cb,c7c3129944c729dc2d97372b90216e90
False,5f989f90b37902d15cc1df33c59896cd,c7c3129944c729dc2d97372b90216e90
False,170a87d8a015c06d4a97b347f16bbbcc,8072b7dbea1be897ce7df611bc5aad3c
False,553cdf5a854edd543aa36edda20aae85,a4ba549eb1d0ce48b2434ccce3ab8ae4
False,18599c8da01c3b85db454248a59b1bac,c94f6f0b9f9d8b34612c4ad729c48abd
False,ea780bccd4ae2b49a64af40a7361ab88,f72617264c26335a59f81e66138911f6
False,9ef9b65c59628d80d4171de5a78d4575,4920322fb53f1ef55d0345422849b030
False,1ebd2b675e3d9943987766dbcd7bb93e,4920322fb53f1ef55d0345422849b030
False,04cef9082c796557f6560e6774554197,4920322fb53f1ef55d0345422849b030
False,e2c0052a876b10e5fcf6bfd66c727061,c7c3129944c729dc2d97372b90216e90
False,61eb39a94e657b4fc0e61f50a7ab949d,4920322fb53f1ef55d0345422849b030
False,6608ce4fefb28bf745066e247c8ca2a4,4920322fb53f1ef55d0345422849b030
False,604d6f35104f46eda8ac43acc4947831,4920322fb53f1ef55d0345422849b030
False,37603189f9827c76f66e82c2a35bceca,b3d7cf2ae17e596a9a438436a764c901
False,3d2d45a7ea0d7a23d5918e9c05968ad1,b3d7cf2ae17e596a9a438436a764c901
False,0494eaf96433b95edb344cd547b159f3,b3d7cf2ae17e596a9a438436a764c901
False,b918a88ea2db402703d979b0afd96b6f,2eeab23e25219124ec1ede1f486b0a47
False,69a5f9f5373647051c67d3f148d2209e,b3d7cf2ae17e596a9a438436a764c901
False,d26e59693bc1a8bedc0e4de8376438aa,b3d7cf2ae17e596a9a438436a764c901
False,6ffc983a434739a669329ff1966cb270,b3d7cf2ae17e596a9a438436a764c901
False,e5ccca9e8e27c1d1dbbebe18b12c97aa,b3d7cf2ae17e596a9a438436a764c901
False,ce6cb713efa03733c4d975dee3a86966,b3d7cf2ae17e596a9a438436a764c901
False,8ea7cdc20e91ee25a76533b8aa5d24c8,b3d7cf2ae17e596a9a438436a764c901
False,d01c7c641a2ad89f42995f6fbc95fab2,b3d7cf2ae17e596a9a438436a764c901
False,caeff416e387c3da19a338804e31f15c,b3d7cf2ae17e596a9a438436a764c901
False,c1a8f7ab2e8fab8c1826dae5c8561851,b3d7cf2ae17e596a9a438436a764c901
False,6f1e2ebcc2b9eacbe27cb3f602187d8f,b3d7cf2ae17e596a9a438436a764c901
False,7accffc2a409125b5f56d7d0a391194a,b3d7cf2ae17e596a9a438436a764c901
False,3eb3a525a3f7afc98a35a013b4593d7d,b3d7cf2ae17e596a9a438436a764c901
False,f56e0d976ded288a699f904bdc0fce04,b3d7cf2ae17e596a9a438436a764c901
False,08baaec3bf5c136ee27bd20d9bfccf59,b3d7cf2ae17e596a9a438436a764c901
False,c5d7652be7eadc7a030585e28c5886bf,b3d7cf2ae17e596a9a438436a764c901
False,06f0edb21fd9e4aea4519a6a72b5e5d3,b3d7cf2ae17e596a9a438436a764c901
False,719b0cef40105a1b234a7f9fe2fc5d51,b3d7cf2ae17e596a9a438436a764c901
False,173b2ff01add2f4d3471573eec32d5f3,b3d7cf2ae17e596a9a438436a764c901
False,c0721defcf28de63c0cae425ead8980d,b3d7cf2ae17e596a9a438436a764c901
False,9cbc40197d8ce6d09a544b1aae6979d7,b3d7cf2ae17e596a9a438436a764c901
False,72e0c5629e448b76b395b0fbec02d8e0,b3d7cf2ae17e596a9a438436a764c901
False,b45aa0396101455e21a0c37c30b09c96,c94f6f0b9f9d8b34612c4ad729c48abd
False,f619a8be74fc433ffe9a4d2b03dc8e1d,4920322fb53f1ef55d0345422849b030
False,6d41af353d2ea35bfd1bc876a4a4ff11,f07944507c57215f8818de33a6ac6f3f
False,64c63a7516e09352ba21305b2d8c5dfe,4920322fb53f1ef55d0345422849b030
False,9a2629186ce94776bc914fd7defd02ca,4920322fb53f1ef55d0345422849b030
False,c220fd04462f41b06139be7e6453b986,4920322fb53f1ef55d0345422849b030
False,11b3d76501d6e2c16a40b439ed3cb0e7,4920322fb53f1ef55d0345422849b030
False,8e87d7f4c64222ac06332d1e897e01d1,c7c3129944c729dc2d97372b90216e90
False,a789c9408a8dabb082b39172e9939e35,4920322fb53f1ef55d0345422849b030
False,2ad8bed3ba51a62180dc43b348de45f5,2eeab23e25219124ec1ede1f486b0a47
False,aabf7bfd22a2cf986c95ac5e719f65d0,4920322fb53f1ef55d0345422849b030
False,cb58c89a8eb19f280a84361ae96683b0,b3d7cf2ae17e596a9a438436a764c901
False,59bae20b84a55044709f4ac6ba65f53f,b3d7cf2ae17e596a9a438436a764c901
False,48f61565db70177e04b756ddf7e5c177,b3d7cf2ae17e596a9a438436a764c901
False,b9a898c09a497ca2861eadee954d9939,b3d7cf2ae17e596a9a438436a764c901
False,f9b65864ba57f4164347570bae1edc95,b3d7cf2ae17e596a9a438436a764c901
False,8a2946a19f92406b6b889d9297db1e6a,b3d7cf2ae17e596a9a438436a764c901
False,e05aba64f1cff5daf662a7dc58de12a4,b3d7cf2ae17e596a9a438436a764c901
False,a9c477e0b90bde9a9285b8118b9f6e6e,b3d7cf2ae17e596a9a438436a764c901
False,d41bce6d56223ead117a413c6044146b,b3d7cf2ae17e596a9a438436a764c901
False,a1e9a4b93d6a9d7ee886afcbf8550411,b3d7cf2ae17e596a9a438436a764c901
False,4aa74b75cafa81f14763946ff7ca7392,b3d7cf2ae17e596a9a438436a764c901
False,a00a756c997c5bee522dcf1181e2b6ce,b3d7cf2ae17e596a9a438436a764c901
False,1977125b1d50ec0010caa4ac0270cdbc,b3d7cf2ae17e596a9a438436a764c901
False,b2e3fa71c84388bf13e3277ae654ccd1,b3d7cf2ae17e596a9a438436a764c901
False,96a13c4332db0f30b7ffa42501865e99,b3d7cf2ae17e596a9a438436a764c901
False,a18e61c23ac42464c4c8135b06c712d1,b3d7cf2ae17e596a9a438436a764c901
False,734eea2b38bfeadc7e16a5a41de2ac5f,b3d7cf2ae17e596a9a438436a764c901
False,dca190498311e5f57017299a63dccb49,b3d7cf2ae17e596a9a438436a764c901
False,2af0ebf2aca90853fc72074ac2672b3f,b3d7cf2ae17e596a9a438436a764c901
False,37f484500d5cb682dfc43222633f1b73,b3d7cf2ae17e596a9a438436a764c901
False,d4761eb8aa543967170a83606f8e3ad3,b3d7cf2ae17e596a9a438436a764c901
False,47d46b7663a6807badc992ed5ea47f7d,b3d7cf2ae17e596a9a438436a764c901
False,776a4c8f6e01d5df1e0fc83c56531bda,b3d7cf2ae17e596a9a438436a764c901
False,2f84b51d45f853ccf8d86ef98aa6170a,b3d7cf2ae17e596a9a438436a764c901
False,2b265f1c8c57acf657c78d296ee546df,b3d7cf2ae17e596a9a438436a764c901
False,48eca2079214ac0185293b37f64d3aad,b3d7cf2ae17e596a9a438436a764c901
False,872c34a31c99719b5a5f8c1aaccd34ed,4e70a3db2ffe3cc4ca7b06b2ff574af5
False,cb6a72813009f7763fe3494da79559b5,f4051d4aee43894a99d5bdcedc63d123
False,93629c4f5c61eb7675ec68380520a50b,c94f6f0b9f9d8b34612c4ad729c48abd
False,304144957773befc61056f372b98fbe3,4920322fb53f1ef55d0345422849b030
False,5279fceab03335dd2b8d47254e8d4c1b,f4051d4aee43894a99d5bdcedc63d123
False,a49674f82c329ab09d2ae360c720961f,c94f6f0b9f9d8b34612c4ad729c48abd
False,c7e69903e5a16ee86a6ab7a6ad14827a,4920322fb53f1ef55d0345422849b030
False,a5535bd0a6d29d5669086664e19dfe7e,b3d7cf2ae17e596a9a438436a764c901
False,509b50e1269bd31ffa67d6a5a57385fa,b3d7cf2ae17e596a9a438436a764c901
False,f6b3e4531d75c2801fb1e69028b46454,b3d7cf2ae17e596a9a438436a764c901
False,a14243599a04a1af37995027913ed4cc,b3d7cf2ae17e596a9a438436a764c901
False,1e2617ff520c4fc093c93b3dd23619d7,b3d7cf2ae17e596a9a438436a764c901
False,13b80abc706571eaf1546da8971606a7,b3d7cf2ae17e596a9a438436a764c901
